timestamp,open,high,low,close,volume,trade_count,vwap
2020-06-01 04:00:00,78.48,78.49,78.47,78.49,2929599.0,5948.0,78.48
2020-06-02 04:00:00,78.49,78.49,78.48,78.49,4648629.0,4303.0,78.49
2020-06-03 04:00:00,78.48,78.49,78.47,78.49,5566926.0,4180.0,78.48
2020-06-04 04:00:00,78.49,78.49,78.48,78.49,3580187.0,4929.0,78.48
2020-06-05 04:00:00,78.48,78.49,78.47,78.47,4819308.0,5042.0,78.48
2020-06-08 04:00:00,78.49,78.49,78.47,78.48,3948725.0,4248.0,78.48
2020-06-09 04:00:00,78.48,78.49,78.47,78.48,8993457.0,6730.0,78.48
2020-06-10 04:00:00,78.47,78.49,78.47,78.49,3091681.0,5259.0,78.48
2020-06-11 04:00:00,78.48,78.49,78.47,78.47,10555289.0,4388.0,78.48
2020-06-12 04:00:00,78.49,78.49,78.47,78.49,8870393.0,5792.0,78.49
2020-06-15 04:00:00,78.49,78.49,78.48,78.49,3392788.0,3416.0,78.49
2020-06-16 04:00:00,78.48,78.49,78.47,78.49,2420615.0,3078.0,78.48
2020-06-17 04:00:00,78.48,78.49,78.47,78.49,3994604.0,5132.0,78.48
2020-06-18 04:00:00,78.49,78.49,78.48,78.48,1839476.0,2857.0,78.49
2020-06-19 04:00:00,78.48,78.49,78.48,78.48,3116948.0,2666.0,78.48
2020-06-22 04:00:00,78.48,78.49,78.48,78.48,3092812.0,2613.0,78.49
2020-06-23 04:00:00,78.48,78.49,78.48,78.48,2901405.0,3467.0,78.48
2020-06-24 04:00:00,78.48,78.49,78.48,78.48,3891823.0,3361.0,78.49
2020-06-25 04:00:00,78.48,78.49,78.48,78.49,1767737.0,4455.0,78.49
2020-06-26 04:00:00,78.48,78.49,78.48,78.48,1353386.0,3023.0,78.49
2020-06-29 04:00:00,78.48,78.49,78.48,78.48,2436621.0,4495.0,78.49
2020-06-30 04:00:00,78.48,78.49,78.48,78.48,3383461.0,4518.0,78.48
2020-07-01 04:00:00,78.48,78.49,78.47,78.48,3166606.0,2749.0,78.48
2020-07-02 04:00:00,78.49,78.49,78.48,78.49,2641757.0,3580.0,78.48
2020-07-06 04:00:00,78.48,78.49,78.48,78.48,4183129.0,3808.0,78.48
2020-07-07 04:00:00,78.48,78.49,78.48,78.48,2108734.0,3412.0,78.48
2020-07-08 04:00:00,78.49,78.49,78.48,78.48,4504120.0,4025.0,78.49
2020-07-09 04:00:00,78.48,78.49,78.48,78.48,1517759.0,3563.0,78.49
2020-07-10 04:00:00,78.49,78.49,78.48,78.49,1320402.0,3071.0,78.49
2020-07-13 04:00:00,78.48,78.49,78.48,78.49,2142479.0,3290.0,78.49
2020-07-14 04:00:00,78.49,78.49,78.48,78.49,1345630.0,2668.0,78.49
2020-07-15 04:00:00,78.48,78.49,78.48,78.49,2798989.0,3304.0,78.48
2020-07-16 04:00:00,78.49,78.49,78.47,78.48,2399843.0,3093.0,78.48
2020-07-17 04:00:00,78.48,78.49,78.48,78.49,2552930.0,2785.0,78.48
2020-07-20 04:00:00,78.49,78.49,78.48,78.49,1277306.0,2614.0,78.49
2020-07-21 04:00:00,78.49,78.49,78.48,78.49,1883863.0,4006.0,78.48
2020-07-22 04:00:00,78.48,78.49,78.48,78.48,1490658.0,2590.0,78.49
2020-07-23 04:00:00,78.48,78.49,78.48,78.49,1123669.0,2557.0,78.48
2020-07-24 04:00:00,78.49,78.49,78.48,78.48,1013830.0,2313.0,78.49
2020-07-27 04:00:00,78.48,78.49,78.48,78.48,1416364.0,3052.0,78.49
2020-07-28 04:00:00,78.48,78.49,78.48,78.49,2016398.0,3451.0,78.48
2020-07-29 04:00:00,78.48,78.49,78.48,78.49,1434849.0,2979.0,78.48
2020-07-30 04:00:00,78.49,78.49,78.48,78.48,2413605.0,2915.0,78.48
2020-07-31 04:00:00,78.48,78.49,78.48,78.49,1105994.0,3045.0,78.49
2020-08-03 04:00:00,78.48,78.5,78.48,78.48,1590542.0,3267.0,78.49
2020-08-04 04:00:00,78.49,78.49,78.48,78.49,1655870.0,3072.0,78.49
2020-08-05 04:00:00,78.48,78.49,78.48,78.48,2028546.0,3357.0,78.48
2020-08-06 04:00:00,78.48,78.49,78.48,78.48,1593056.0,3113.0,78.48
2020-08-07 04:00:00,78.49,78.49,78.48,78.49,2149582.0,2544.0,78.48
2020-08-10 04:00:00,78.49,78.49,78.48,78.49,894376.0,2249.0,78.49
2020-08-11 04:00:00,78.48,78.49,78.48,78.48,1738731.0,2905.0,78.48
2020-08-12 04:00:00,78.48,78.49,78.48,78.48,2886615.0,3066.0,78.49
2020-08-13 04:00:00,78.49,78.49,78.48,78.49,2356881.0,2746.0,78.49
2020-08-14 04:00:00,78.48,78.49,78.48,78.48,1210390.0,2406.0,78.49
2020-08-17 04:00:00,78.49,78.5,78.48,78.48,2390246.0,3205.0,78.49
2020-08-18 04:00:00,78.49,78.49,78.48,78.49,3541110.0,3085.0,78.49
2020-08-19 04:00:00,78.49,78.49,78.48,78.49,1903205.0,3806.0,78.49
2020-08-20 04:00:00,78.48,78.49,78.48,78.49,1103538.0,2529.0,78.49
2020-08-21 04:00:00,78.49,78.49,78.48,78.49,1880900.0,2462.0,78.48
2020-08-24 04:00:00,78.48,78.49,78.48,78.49,1284785.0,3069.0,78.49
2020-08-25 04:00:00,78.48,78.49,78.48,78.48,1322047.0,2275.0,78.48
2020-08-26 04:00:00,78.48,78.49,78.48,78.48,1068358.0,3902.0,78.48
2020-08-27 04:00:00,78.48,78.49,78.48,78.48,1314512.0,2629.0,78.49
2020-08-28 04:00:00,78.48,78.49,78.48,78.49,1029762.0,2889.0,78.48
2020-08-31 04:00:00,78.48,78.49,78.48,78.49,1487258.0,2913.0,78.49
2020-09-01 04:00:00,78.49,78.49,78.47,78.49,1095216.0,3482.0,78.48
2020-09-02 04:00:00,78.49,78.49,78.48,78.49,1557621.0,4075.0,78.49
2020-09-03 04:00:00,78.49,78.49,78.48,78.48,2057977.0,3687.0,78.49
2020-09-04 04:00:00,78.48,78.49,78.48,78.49,1953858.0,3427.0,78.49
2020-09-08 04:00:00,78.48,78.49,78.47,78.49,3770623.0,4878.0,78.49
2020-09-09 04:00:00,78.49,78.49,78.48,78.48,2275088.0,3889.0,78.49
2020-09-10 04:00:00,78.48,78.49,78.48,78.48,1675748.0,2782.0,78.49
2020-09-11 04:00:00,78.49,78.49,78.47,78.47,1216981.0,3647.0,78.48
2020-09-14 04:00:00,78.48,78.49,78.47,78.49,2110587.0,3277.0,78.48
2020-09-15 04:00:00,78.48,78.48,78.47,78.47,1516677.0,3247.0,78.48
2020-09-16 04:00:00,78.47,78.49,78.47,78.49,1257075.0,2718.0,78.48
2020-09-17 04:00:00,78.48,78.49,78.47,78.49,2406644.0,2761.0,78.49
2020-09-18 04:00:00,78.48,78.49,78.47,78.47,847059.0,2424.0,78.48
2020-09-21 04:00:00,78.47,78.49,78.47,78.47,1631996.0,3010.0,78.48
2020-09-22 04:00:00,78.49,78.49,78.47,78.47,1581089.0,2827.0,78.48
2020-09-23 04:00:00,78.48,78.49,78.47,78.47,2540175.0,3495.0,78.48
2020-09-24 04:00:00,78.48,78.49,78.48,78.48,2326326.0,3308.0,78.48
2020-09-25 04:00:00,78.48,78.49,78.47,78.47,1985543.0,2376.0,78.48
2020-09-28 04:00:00,78.48,78.49,78.47,78.48,4097425.0,6802.0,78.48
2020-09-29 04:00:00,78.47,78.48,78.47,78.48,2005188.0,5826.0,78.48
2020-09-30 04:00:00,78.48,78.48,78.47,78.47,2992556.0,3306.0,78.48
2020-10-01 04:00:00,78.47,78.49,78.47,78.47,1031132.0,2794.0,78.48
2020-10-02 04:00:00,78.48,78.48,78.47,78.47,2063046.0,4005.0,78.48
2020-10-05 04:00:00,78.48,78.48,78.47,78.47,1350012.0,2657.0,78.48
2020-10-06 04:00:00,78.47,78.48,78.47,78.48,2461791.0,3649.0,78.48
2020-10-07 04:00:00,78.47,78.48,78.47,78.47,969196.0,2632.0,78.48
2020-10-08 04:00:00,78.47,78.48,78.47,78.47,842824.0,2645.0,78.48
2020-10-09 04:00:00,78.47,78.48,78.47,78.47,977515.0,2058.0,78.48
2020-10-12 04:00:00,78.47,78.48,78.47,78.48,2249028.0,2404.0,78.48
2020-10-13 04:00:00,78.48,78.48,78.47,78.47,1905850.0,4730.0,78.48
2020-10-14 04:00:00,78.47,78.48,78.47,78.47,1737182.0,3946.0,78.48
2020-10-15 04:00:00,78.48,78.48,78.47,78.47,1225568.0,1710.0,78.48
2020-10-16 04:00:00,78.48,78.48,78.47,78.48,1523328.0,2839.0,78.48
2020-10-19 04:00:00,78.48,78.48,78.47,78.48,790599.0,2604.0,78.48
2020-10-20 04:00:00,78.47,78.48,78.47,78.47,1489494.0,2858.0,78.48
2020-10-21 04:00:00,78.47,78.48,78.47,78.47,1068498.0,2030.0,78.48
2020-10-22 04:00:00,78.47,78.48,78.47,78.48,1010037.0,2628.0,78.48
2020-10-23 04:00:00,78.48,78.48,78.47,78.48,1011352.0,1772.0,78.48
2020-10-26 04:00:00,78.47,78.48,78.47,78.48,3163273.0,2642.0,78.48
2020-10-27 04:00:00,78.47,78.48,78.47,78.47,1080484.0,2399.0,78.48
2020-10-28 04:00:00,78.48,78.48,78.47,78.47,2158668.0,4142.0,78.48
2020-10-29 04:00:00,78.47,78.48,78.47,78.48,2699252.0,2525.0,78.48
2020-10-30 04:00:00,78.48,78.48,78.47,78.48,2500647.0,3259.0,78.48
2020-11-02 05:00:00,78.47,78.48,78.47,78.48,1381943.0,2938.0,78.48
2020-11-03 05:00:00,78.47,78.48,78.47,78.48,950213.0,1886.0,78.48
2020-11-04 05:00:00,78.48,78.48,78.47,78.47,2469070.0,2777.0,78.48
2020-11-05 05:00:00,78.47,78.48,78.47,78.48,2171818.0,2292.0,78.48
2020-11-06 05:00:00,78.48,78.48,78.47,78.47,1640759.0,2271.0,78.48
2020-11-09 05:00:00,78.48,78.48,78.47,78.48,3215001.0,3324.0,78.48
2020-11-10 05:00:00,78.47,78.48,78.47,78.47,2776553.0,2856.0,78.48
2020-11-11 05:00:00,78.47,78.48,78.47,78.47,967242.0,2497.0,78.48
2020-11-12 05:00:00,78.48,78.48,78.47,78.47,1127823.0,2488.0,78.48
2020-11-13 05:00:00,78.47,78.48,78.47,78.48,1039517.0,2071.0,78.48
2020-11-16 05:00:00,78.47,78.48,78.47,78.48,1099524.0,2311.0,78.48
2020-11-17 05:00:00,78.47,78.48,78.47,78.48,1679297.0,2902.0,78.48
2020-11-18 05:00:00,78.48,78.48,78.47,78.48,2628673.0,2586.0,78.48
2020-11-19 05:00:00,78.48,78.48,78.47,78.48,1111834.0,2331.0,78.48
2020-11-20 05:00:00,78.47,78.48,78.47,78.48,905552.0,1926.0,78.48
2020-11-23 05:00:00,78.48,78.48,78.47,78.48,1082649.0,1946.0,78.48
2020-11-24 05:00:00,78.47,78.48,78.47,78.48,2149027.0,2726.0,78.48
2020-11-25 05:00:00,78.47,78.48,78.47,78.47,994920.0,2496.0,78.48
2020-11-27 05:00:00,78.47,78.48,78.47,78.48,528120.0,1988.0,78.48
2020-11-30 05:00:00,78.47,78.48,78.47,78.47,1227201.0,3459.0,78.48
2020-12-01 05:00:00,78.47,78.49,78.47,78.47,2897080.0,3821.0,78.47
2020-12-02 05:00:00,78.47,78.49,78.47,78.48,3469388.0,3969.0,78.48
2020-12-03 05:00:00,78.48,78.49,78.48,78.48,1384474.0,2422.0,78.48
2020-12-04 05:00:00,78.48,78.49,78.48,78.49,1308608.0,2491.0,78.48
2020-12-07 05:00:00,78.48,78.49,78.47,78.47,1722055.0,2505.0,78.47
2020-12-08 05:00:00,78.48,78.49,78.47,78.47,2137565.0,4517.0,78.47
2020-12-09 05:00:00,78.48,78.48,78.47,78.47,2421701.0,2601.0,78.47
2020-12-10 05:00:00,78.48,78.48,78.47,78.47,805875.0,1955.0,78.47
2020-12-11 05:00:00,78.47,78.48,78.47,78.48,818587.0,1843.0,78.47
2020-12-14 05:00:00,78.47,78.48,78.47,78.47,1272011.0,1923.0,78.47
2020-12-15 05:00:00,78.47,78.48,78.47,78.47,1237170.0,2367.0,78.47
2020-12-16 05:00:00,78.47,78.48,78.47,78.48,1051843.0,2187.0,78.47
2020-12-17 05:00:00,78.47,78.48,78.47,78.48,1054312.0,1745.0,78.47
2020-12-18 05:00:00,78.48,78.48,78.47,78.48,1044652.0,1954.0,78.47
2020-12-21 05:00:00,78.47,78.48,78.47,78.48,1354007.0,2398.0,78.47
2020-12-22 05:00:00,78.48,78.48,78.47,78.48,1146630.0,1899.0,78.47
2020-12-23 05:00:00,78.47,78.48,78.47,78.47,1070713.0,1587.0,78.47
2020-12-24 05:00:00,78.48,78.48,78.47,78.48,591599.0,1258.0,78.47
2020-12-28 05:00:00,78.47,78.48,78.47,78.48,796765.0,1934.0,78.47
2020-12-29 05:00:00,78.48,78.48,78.47,78.48,1594193.0,2322.0,78.47
2020-12-30 05:00:00,78.47,78.48,78.47,78.47,1223944.0,2066.0,78.47
2020-12-31 05:00:00,78.47,78.48,78.47,78.48,1345573.0,2204.0,78.47
2021-01-04 05:00:00,78.48,78.48,78.47,78.48,1616757.0,2935.0,78.47
2021-01-05 05:00:00,78.47,78.48,78.47,78.47,950962.0,2146.0,78.47
2021-01-06 05:00:00,78.47,78.48,78.47,78.48,1738349.0,2070.0,78.47
2021-01-07 05:00:00,78.47,78.48,78.47,78.48,1261727.0,2910.0,78.47
2021-01-08 05:00:00,78.47,78.48,78.47,78.47,1768121.0,2507.0,78.47
2021-01-11 05:00:00,78.47,78.48,78.47,78.48,1134677.0,2196.0,78.47
2021-01-12 05:00:00,78.48,78.48,78.47,78.47,4159090.0,2272.0,78.47
2021-01-13 05:00:00,78.47,78.48,78.47,78.47,3270683.0,2139.0,78.47
2021-01-14 05:00:00,78.47,78.48,78.47,78.48,2064004.0,2607.0,78.47
2021-01-15 05:00:00,78.47,78.48,78.47,78.48,2274271.0,2079.0,78.47
2021-01-19 05:00:00,78.47,78.48,78.47,78.48,1993806.0,2643.0,78.47
2021-01-20 05:00:00,78.47,78.48,78.47,78.48,678437.0,1702.0,78.47
2021-01-21 05:00:00,78.47,78.48,78.47,78.48,868876.0,2087.0,78.47
2021-01-22 05:00:00,78.47,78.48,78.47,78.47,781282.0,1933.0,78.47
2021-01-25 05:00:00,78.47,78.48,78.47,78.48,925620.0,2136.0,78.47
2021-01-26 05:00:00,78.47,78.48,78.47,78.47,1930571.0,2534.0,78.47
2021-01-27 05:00:00,78.48,78.48,78.47,78.47,1682758.0,2654.0,78.47
2021-01-28 05:00:00,78.47,78.48,78.47,78.48,2005363.0,1935.0,78.47
2021-01-29 05:00:00,78.47,78.48,78.47,78.48,3774360.0,3205.0,78.47
2021-02-01 05:00:00,78.48,78.48,78.47,78.48,1576398.0,1946.0,78.47
2021-02-02 05:00:00,78.47,78.48,78.47,78.47,1178038.0,2681.0,78.47
2021-02-03 05:00:00,78.48,78.48,78.47,78.47,1226658.0,2343.0,78.47
2021-02-04 05:00:00,78.47,78.48,78.47,78.48,1004373.0,2907.0,78.47
2021-02-05 05:00:00,78.48,78.48,78.47,78.48,741102.0,1934.0,78.47
2021-02-08 05:00:00,78.47,78.48,78.47,78.48,1509277.0,2042.0,78.47
2021-02-09 05:00:00,78.47,78.48,78.47,78.48,1272526.0,1961.0,78.47
2021-02-10 05:00:00,78.48,78.48,78.47,78.47,1431425.0,1970.0,78.47
2021-02-11 05:00:00,78.47,78.48,78.47,78.48,726723.0,1541.0,78.47
2021-02-12 05:00:00,78.47,78.48,78.47,78.47,901981.0,1662.0,78.47
2021-02-16 05:00:00,78.47,78.48,78.47,78.48,1056688.0,2078.0,78.47
2021-02-17 05:00:00,78.47,78.48,78.47,78.48,817793.0,2976.0,78.47
2021-02-18 05:00:00,78.47,78.48,78.47,78.47,1408211.0,1661.0,78.47
2021-02-19 05:00:00,78.47,78.48,78.47,78.48,819417.0,1654.0,78.47
2021-02-22 05:00:00,78.47,78.48,78.47,78.47,1285807.0,1678.0,78.47
2021-02-23 05:00:00,78.47,78.48,78.47,78.47,1171220.0,1861.0,78.47
2021-02-24 05:00:00,78.47,78.47,78.46,78.46,876557.0,1828.0,78.46
2021-02-25 05:00:00,78.46,78.47,78.46,78.47,1372846.0,2542.0,78.47
2021-02-26 05:00:00,78.46,78.47,78.46,78.47,1974038.0,8618.0,78.47
2021-03-01 05:00:00,78.47,78.47,78.46,78.46,1290160.0,1911.0,78.47
2021-03-02 05:00:00,78.46,78.47,78.46,78.46,1668937.0,2288.0,78.46
2021-03-03 05:00:00,78.46,78.47,78.46,78.47,1816818.0,2197.0,78.47
2021-03-04 05:00:00,78.47,78.47,78.46,78.47,1517361.0,2067.0,78.46
2021-03-05 05:00:00,78.46,78.47,78.46,78.47,1251508.0,2244.0,78.46
2021-03-08 05:00:00,78.46,78.47,78.46,78.46,1076487.0,2190.0,78.46
2021-03-09 05:00:00,78.46,78.47,78.46,78.46,1520045.0,2790.0,78.46
2021-03-10 05:00:00,78.46,78.47,78.46,78.46,1111909.0,2050.0,78.46
2021-03-11 05:00:00,78.46,78.47,78.46,78.47,660329.0,1951.0,78.46
2021-03-12 05:00:00,78.46,78.47,78.46,78.46,744109.0,1836.0,78.46
2021-03-15 04:00:00,78.46,78.47,78.46,78.46,977430.0,2203.0,78.46
2021-03-16 04:00:00,78.46,78.47,78.46,78.46,1160830.0,1589.0,78.46
2021-03-17 04:00:00,78.46,78.47,78.46,78.47,1045522.0,1447.0,78.46
2021-03-18 04:00:00,78.46,78.47,78.46,78.46,957053.0,2527.0,78.46
2021-03-19 04:00:00,78.47,78.47,78.46,78.46,704811.0,1646.0,78.46
2021-03-22 04:00:00,78.46,78.47,78.46,78.46,677376.0,1991.0,78.46
2021-03-23 04:00:00,78.47,78.47,78.46,78.47,2706641.0,1784.0,78.47
2021-03-24 04:00:00,78.46,78.47,78.46,78.46,518025.0,1485.0,78.46
2021-03-25 04:00:00,78.46,78.47,78.46,78.46,1224686.0,1790.0,78.46
2021-03-26 04:00:00,78.46,78.47,78.46,78.46,797605.0,1856.0,78.46
2021-03-29 04:00:00,78.46,78.47,78.46,78.46,938075.0,2258.0,78.46
2021-03-30 04:00:00,78.46,78.47,78.46,78.47,610885.0,2054.0,78.46
2021-03-31 04:00:00,78.46,78.47,78.46,78.46,889432.0,2247.0,78.46
2021-04-01 04:00:00,78.47,78.47,78.45,78.47,2292612.0,2843.0,78.46
2021-04-05 04:00:00,78.46,78.46,78.45,78.46,1016740.0,1846.0,78.46
2021-04-06 04:00:00,78.45,78.46,78.45,78.45,676395.0,1779.0,78.46
2021-04-07 04:00:00,78.46,78.46,78.45,78.45,1045833.0,2643.0,78.46
2021-04-08 04:00:00,78.45,78.46,78.45,78.46,2914360.0,2402.0,78.46
2021-04-09 04:00:00,78.45,78.46,78.45,78.45,736846.0,1901.0,78.46
2021-04-12 04:00:00,78.45,78.46,78.45,78.45,866896.0,1581.0,78.45
2021-04-13 04:00:00,78.46,78.46,78.45,78.45,2840834.0,2268.0,78.46
2021-04-14 04:00:00,78.45,78.46,78.45,78.45,645218.0,1460.0,78.46
2021-04-15 04:00:00,78.46,78.46,78.45,78.46,794054.0,2009.0,78.46
2021-04-16 04:00:00,78.45,78.46,78.45,78.46,2055242.0,2180.0,78.46
2021-04-19 04:00:00,78.45,78.46,78.45,78.45,754266.0,1768.0,78.46
2021-04-20 04:00:00,78.45,78.46,78.45,78.45,1548574.0,1595.0,78.46
2021-04-21 04:00:00,78.45,78.46,78.45,78.45,984803.0,1473.0,78.46
2021-04-22 04:00:00,78.45,78.46,78.45,78.46,1252338.0,3062.0,78.45
2021-04-23 04:00:00,78.46,78.46,78.45,78.46,510546.0,1775.0,78.46
2021-04-26 04:00:00,78.45,78.46,78.45,78.45,1062092.0,2065.0,78.45
2021-04-27 04:00:00,78.45,78.46,78.45,78.46,793424.0,3010.0,78.45
2021-04-28 04:00:00,78.45,78.46,78.45,78.45,1002993.0,1980.0,78.45
2021-04-29 04:00:00,78.45,78.46,78.45,78.45,914431.0,2085.0,78.46
2021-04-30 04:00:00,78.45,78.46,78.45,78.46,1068353.0,1955.0,78.45
2021-05-03 04:00:00,78.45,78.46,78.45,78.46,1183740.0,2453.0,78.45
2021-05-04 04:00:00,78.45,78.46,78.45,78.45,2262780.0,3817.0,78.45
2021-05-05 04:00:00,78.45,78.46,78.45,78.46,790625.0,2265.0,78.45
2021-05-06 04:00:00,78.45,78.46,78.45,78.46,1066557.0,2767.0,78.46
2021-05-07 04:00:00,78.44,78.45,78.44,78.45,1856449.0,1526.0,78.45
2021-05-10 04:00:00,78.44,78.45,78.44,78.45,730488.0,1395.0,78.45
2021-05-11 04:00:00,78.44,78.45,78.44,78.45,1188538.0,2454.0,78.45
2021-05-12 04:00:00,78.45,78.45,78.44,78.44,921257.0,1622.0,78.45
2021-05-13 04:00:00,78.44,78.46,78.44,78.44,5955682.0,2549.0,78.45
2021-05-14 04:00:00,78.44,78.45,78.44,78.44,1673737.0,2296.0,78.45
2021-05-17 04:00:00,78.44,78.45,78.44,78.45,895713.0,1795.0,78.45
2021-05-18 04:00:00,78.45,78.45,78.44,78.45,1072303.0,1864.0,78.45
2021-05-19 04:00:00,78.44,78.45,78.44,78.44,1750953.0,1762.0,78.45
2021-05-20 04:00:00,78.44,78.45,78.44,78.44,867299.0,1838.0,78.45
2021-05-21 04:00:00,78.44,78.45,78.44,78.45,873052.0,1136.0,78.45
2021-05-24 04:00:00,78.44,78.45,78.44,78.44,1043274.0,2103.0,78.45
2021-05-25 04:00:00,78.44,78.45,78.44,78.44,703362.0,1322.0,78.45
2021-05-26 04:00:00,78.45,78.45,78.44,78.44,1016096.0,1501.0,78.45
2021-05-27 04:00:00,78.44,78.45,78.44,78.45,691099.0,1458.0,78.44
2021-05-28 04:00:00,78.44,78.45,78.44,78.45,960505.0,3258.0,78.45
2021-06-01 04:00:00,78.44,78.45,78.44,78.44,1147809.0,2076.0,78.45
2021-06-02 04:00:00,78.45,78.45,78.44,78.44,1843325.0,2328.0,78.44
2021-06-03 04:00:00,78.44,78.45,78.44,78.44,525058.0,1395.0,78.45
2021-06-04 04:00:00,78.44,78.45,78.44,78.45,1043419.0,2173.0,78.45
2021-06-07 04:00:00,78.44,78.45,78.43,78.43,995927.0,1362.0,78.44
2021-06-08 04:00:00,78.43,78.44,78.43,78.43,838066.0,1725.0,78.44
2021-06-09 04:00:00,78.44,78.44,78.43,78.43,1141546.0,2046.0,78.44
2021-06-10 04:00:00,78.43,78.44,78.43,78.43,914832.0,3061.0,78.44
2021-06-11 04:00:00,78.43,78.44,78.43,78.44,824764.0,1710.0,78.44
2021-06-14 04:00:00,78.43,78.44,78.43,78.43,446730.0,1782.0,78.44
2021-06-15 04:00:00,78.43,78.44,78.43,78.43,1019828.0,2042.0,78.44
2021-06-16 04:00:00,78.43,78.44,78.43,78.44,585076.0,1695.0,78.44
2021-06-17 04:00:00,78.44,78.44,78.43,78.43,1473763.0,2459.0,78.44
2021-06-18 04:00:00,78.43,78.44,78.43,78.44,895928.0,2290.0,78.44
2021-06-21 04:00:00,78.44,78.44,78.43,78.43,851837.0,2417.0,78.44
2021-06-22 04:00:00,78.43,78.44,78.43,78.43,395085.0,1306.0,78.44
2021-06-23 04:00:00,78.43,78.44,78.43,78.43,670276.0,1923.0,78.44
2021-06-24 04:00:00,78.43,78.44,78.43,78.44,933837.0,1576.0,78.44
2021-06-25 04:00:00,78.43,78.44,78.43,78.44,1258515.0,1916.0,78.44
2021-06-28 04:00:00,78.44,78.44,78.43,78.43,611208.0,1828.0,78.44
2021-06-29 04:00:00,78.43,78.44,78.43,78.43,892975.0,1941.0,78.44
2021-06-30 04:00:00,78.44,78.44,78.43,78.43,578146.0,1577.0,78.44
2021-07-01 04:00:00,78.43,78.44,78.43,78.44,597266.0,1562.0,78.44
2021-07-02 04:00:00,78.43,78.43,78.43,78.43,635022.0,1694.0,78.43
2021-07-06 04:00:00,78.43,78.43,78.43,78.43,668679.0,1990.0,78.43
2021-07-07 04:00:00,78.43,78.43,78.43,78.43,890152.0,1871.0,78.43
2021-07-08 04:00:00,78.43,78.43,78.43,78.43,955138.0,2298.0,78.43
2021-07-09 04:00:00,78.43,78.43,78.43,78.43,723762.0,3276.0,78.43
2021-07-12 04:00:00,78.43,78.43,78.43,78.43,747272.0,4742.0,78.43
2021-07-13 04:00:00,78.43,78.43,78.43,78.43,1053394.0,2867.0,78.43
2021-07-14 04:00:00,78.43,78.43,78.43,78.43,589980.0,2293.0,78.43
2021-07-15 04:00:00,78.43,78.43,78.43,78.43,1001409.0,2849.0,78.43
2021-07-16 04:00:00,78.43,78.43,78.43,78.43,633342.0,4754.0,78.43
2021-07-19 04:00:00,78.43,78.43,78.43,78.43,2756776.0,3104.0,78.43
2021-07-20 04:00:00,78.43,78.43,78.43,78.43,1733672.0,4973.0,78.43
2021-07-21 04:00:00,78.43,78.43,78.43,78.43,1130883.0,2062.0,78.43
2021-07-22 04:00:00,78.43,78.43,78.43,78.43,683730.0,1952.0,78.43
2021-07-23 04:00:00,78.43,78.43,78.43,78.43,1082866.0,1789.0,78.43
2021-07-26 04:00:00,78.43,78.43,78.43,78.43,740330.0,1537.0,78.43
2021-07-27 04:00:00,78.43,78.43,78.43,78.43,882364.0,1952.0,78.43
2021-07-28 04:00:00,78.43,78.43,78.43,78.43,1349064.0,1717.0,78.43
2021-07-29 04:00:00,78.43,78.43,78.43,78.43,908558.0,1419.0,78.43
2021-07-30 04:00:00,78.43,78.43,78.43,78.43,413525.0,1320.0,78.43
2021-08-02 04:00:00,78.43,78.43,78.43,78.43,599820.0,3410.0,78.43
2021-08-03 04:00:00,78.43,78.43,78.43,78.43,760717.0,1593.0,78.43
2021-08-04 04:00:00,78.43,78.43,78.43,78.43,1089573.0,1916.0,78.43
2021-08-05 04:00:00,78.43,78.43,78.43,78.43,489824.0,1526.0,78.43
2021-08-06 04:00:00,78.43,78.43,78.43,78.43,701524.0,2258.0,78.43
2021-08-09 04:00:00,78.43,78.43,78.43,78.43,1646835.0,2821.0,78.43
2021-08-10 04:00:00,78.43,78.43,78.43,78.43,966201.0,1525.0,78.43
2021-08-11 04:00:00,78.43,78.43,78.43,78.43,1093310.0,1833.0,78.43
2021-08-12 04:00:00,78.43,78.43,78.43,78.43,621043.0,1726.0,78.43
2021-08-13 04:00:00,78.43,78.43,78.43,78.43,1129863.0,1588.0,78.43
2021-08-16 04:00:00,78.43,78.43,78.42,78.42,1694782.0,2047.0,78.42
2021-08-17 04:00:00,78.43,78.43,78.42,78.42,1744932.0,3221.0,78.42
2021-08-18 04:00:00,78.42,78.43,78.42,78.42,938565.0,2190.0,78.42
2021-08-19 04:00:00,78.42,78.43,78.42,78.43,1842534.0,3590.0,78.43
2021-08-20 04:00:00,78.43,78.43,78.42,78.43,801548.0,1856.0,78.42
2021-08-23 04:00:00,78.43,78.43,78.42,78.42,484735.0,1741.0,78.42
2021-08-24 04:00:00,78.42,78.43,78.42,78.42,852454.0,2268.0,78.42
2021-08-25 04:00:00,78.42,78.43,78.42,78.42,567773.0,2048.0,78.42
2021-08-26 04:00:00,78.43,78.43,78.42,78.43,826831.0,2216.0,78.42
2021-08-27 04:00:00,78.43,78.43,78.42,78.43,484427.0,1304.0,78.42
2021-08-30 04:00:00,78.43,78.43,78.42,78.43,633865.0,1604.0,78.42
2021-08-31 04:00:00,78.42,78.43,78.42,78.42,1092271.0,3900.0,78.42
2021-09-01 04:00:00,78.43,78.43,78.42,78.42,1076935.0,2628.0,78.42
2021-09-02 04:00:00,78.42,78.43,78.42,78.43,775073.0,3231.0,78.43
2021-09-03 04:00:00,78.43,78.43,78.42,78.42,500319.0,2179.0,78.42
2021-09-07 04:00:00,78.43,78.43,78.42,78.42,1604021.0,2084.0,78.42
2021-09-08 04:00:00,78.42,78.43,78.42,78.42,1073672.0,2720.0,78.42
2021-09-09 04:00:00,78.42,78.43,78.42,78.42,735522.0,1602.0,78.42
2021-09-10 04:00:00,78.42,78.43,78.42,78.43,525183.0,1758.0,78.42
2021-09-13 04:00:00,78.42,78.43,78.42,78.43,5169028.0,1841.0,78.42
2021-09-14 04:00:00,78.43,78.43,78.42,78.42,4538332.0,2289.0,78.42
2021-09-15 04:00:00,78.42,78.43,78.42,78.42,1465480.0,2047.0,78.42
2021-09-16 04:00:00,78.43,78.43,78.42,78.43,1333725.0,1998.0,78.42
2021-09-17 04:00:00,78.42,78.43,78.42,78.42,815373.0,1700.0,78.42
2021-09-20 04:00:00,78.42,78.43,78.42,78.43,1212437.0,2306.0,78.42
2021-09-21 04:00:00,78.42,78.43,78.42,78.42,1462343.0,3102.0,78.42
2021-09-22 04:00:00,78.42,78.43,78.42,78.42,1072145.0,2813.0,78.42
2021-09-23 04:00:00,78.42,78.43,78.42,78.43,1109994.0,1765.0,78.42
2021-09-24 04:00:00,78.43,78.43,78.42,78.42,1912114.0,1781.0,78.42
2021-09-27 04:00:00,78.43,78.43,78.41,78.42,2607557.0,2181.0,78.42
2021-09-28 04:00:00,78.43,78.43,78.41,78.42,983634.0,2909.0,78.42
2021-09-29 04:00:00,78.42,78.43,78.42,78.43,802974.0,1671.0,78.42
2021-09-30 04:00:00,78.42,78.43,78.42,78.43,792773.0,1684.0,78.42
2021-10-01 04:00:00,78.43,78.43,78.41,78.43,1487698.0,5339.0,78.42
2021-10-04 04:00:00,78.42,78.42,78.41,78.41,761781.0,2213.0,78.41
2021-10-05 04:00:00,78.41,78.42,78.41,78.42,569096.0,1610.0,78.41
2021-10-06 04:00:00,78.41,78.42,78.41,78.42,1394867.0,2249.0,78.42
2021-10-07 04:00:00,78.41,78.42,78.41,78.42,789341.0,2088.0,78.41
2021-10-08 04:00:00,78.42,78.42,78.41,78.42,516243.0,2361.0,78.41
2021-10-11 04:00:00,78.41,78.42,78.41,78.42,625356.0,2180.0,78.41
2021-10-12 04:00:00,78.41,78.42,78.41,78.42,667084.0,1730.0,78.41
2021-10-13 04:00:00,78.41,78.42,78.41,78.42,1024007.0,2078.0,78.41
2021-10-14 04:00:00,78.42,78.42,78.41,78.41,638605.0,2271.0,78.41
2021-10-15 04:00:00,78.41,78.42,78.41,78.42,840844.0,2508.0,78.41
2021-10-18 04:00:00,78.41,78.42,78.41,78.41,650096.0,2231.0,78.41
2021-10-19 04:00:00,78.41,78.42,78.41,78.41,597693.0,1921.0,78.41
2021-10-20 04:00:00,78.42,78.42,78.41,78.41,2301451.0,2138.0,78.42
2021-10-21 04:00:00,78.41,78.42,78.41,78.41,742786.0,2252.0,78.41
2021-10-22 04:00:00,78.41,78.42,78.4,78.41,729471.0,1996.0,78.41
2021-10-25 04:00:00,78.42,78.42,78.41,78.42,677438.0,1853.0,78.41
2021-10-26 04:00:00,78.41,78.42,78.4,78.4,1115118.0,2111.0,78.41
2021-10-27 04:00:00,78.41,78.42,78.4,78.4,851291.0,2661.0,78.41
2021-10-28 04:00:00,78.41,78.42,78.41,78.42,708865.0,2159.0,78.41
2021-10-29 04:00:00,78.41,78.42,78.4,78.42,938462.0,2952.0,78.41
2021-11-01 04:00:00,78.41,78.42,78.41,78.42,1131712.0,2878.0,78.41
2021-11-02 04:00:00,78.41,78.42,78.4,78.4,711939.0,2603.0,78.41
2021-11-03 04:00:00,78.41,78.41,78.4,78.4,1200416.0,3575.0,78.41
2021-11-04 04:00:00,78.41,78.42,78.4,78.41,856521.0,2022.0,78.41
2021-11-05 04:00:00,78.41,78.41,78.4,78.41,899230.0,2511.0,78.41
2021-11-08 05:00:00,78.41,78.42,78.4,78.42,1396341.0,2490.0,78.41
2021-11-09 05:00:00,78.41,78.41,78.4,78.4,1055758.0,2525.0,78.4
2021-11-10 05:00:00,78.41,78.42,78.4,78.4,1284047.0,2174.0,78.41
2021-11-11 05:00:00,78.41,78.41,78.4,78.41,795107.0,2799.0,78.41
2021-11-12 05:00:00,78.4,78.41,78.4,78.41,614358.0,2626.0,78.41
2021-11-15 05:00:00,78.41,78.41,78.4,78.41,684840.0,1992.0,78.41
2021-11-16 05:00:00,78.41,78.41,78.4,78.4,1154121.0,4643.0,78.41
2021-11-17 05:00:00,78.4,78.41,78.4,78.4,1203540.0,3006.0,78.41
2021-11-18 05:00:00,78.4,78.41,78.4,78.41,885818.0,3866.0,78.41
2021-11-19 05:00:00,78.41,78.41,78.4,78.41,1485083.0,3004.0,78.41
2021-11-22 05:00:00,78.4,78.41,78.4,78.41,838881.0,2042.0,78.4
2021-11-23 05:00:00,78.4,78.41,78.4,78.4,787319.0,2257.0,78.4
2021-11-24 05:00:00,78.4,78.41,78.4,78.41,781669.0,1642.0,78.4
2021-11-26 05:00:00,78.4,78.41,78.4,78.4,763926.0,3160.0,78.4
2021-11-29 05:00:00,78.4,78.41,78.4,78.41,1078458.0,2286.0,78.4
2021-11-30 05:00:00,78.41,78.41,78.4,78.4,2677356.0,5144.0,78.4
2021-12-01 05:00:00,78.41,78.41,78.4,78.41,2066211.0,2105.0,78.41
2021-12-02 05:00:00,78.41,78.41,78.4,78.41,1627555.0,3192.0,78.41
2021-12-03 05:00:00,78.41,78.41,78.4,78.4,768459.0,2106.0,78.4
2021-12-06 05:00:00,78.41,78.41,78.4,78.4,809468.0,1899.0,78.4
2021-12-07 05:00:00,78.41,78.41,78.4,78.4,691083.0,2177.0,78.4
2021-12-08 05:00:00,78.4,78.41,78.4,78.41,1536765.0,2874.0,78.4
2021-12-09 05:00:00,78.4,78.41,78.4,78.4,1130166.0,2079.0,78.4
2021-12-10 05:00:00,78.41,78.41,78.4,78.41,978749.0,3120.0,78.4
2021-12-13 05:00:00,78.4,78.41,78.4,78.41,489484.0,1973.0,78.4
2021-12-14 05:00:00,78.41,78.41,78.4,78.41,838841.0,2116.0,78.4
2021-12-15 05:00:00,78.4,78.41,78.4,78.41,1759289.0,1823.0,78.41
2021-12-16 05:00:00,78.4,78.41,78.4,78.4,870851.0,1970.0,78.4
2021-12-17 05:00:00,78.41,78.41,78.4,78.41,1069956.0,2265.0,78.4
2021-12-20 05:00:00,78.4,78.41,78.4,78.4,2241001.0,2331.0,78.4
2021-12-21 05:00:00,78.4,78.41,78.39,78.39,2655436.0,2972.0,78.4
2021-12-22 05:00:00,78.4,78.41,78.39,78.39,1089953.0,2310.0,78.4
2021-12-23 05:00:00,78.39,78.4,78.39,78.39,613821.0,1744.0,78.4
2021-12-27 05:00:00,78.39,78.4,78.39,78.4,792102.0,1718.0,78.4
2021-12-28 05:00:00,78.4,78.4,78.39,78.39,1982403.0,2637.0,78.4
2021-12-29 05:00:00,78.39,78.4,78.39,78.39,1297127.0,2624.0,78.4
2021-12-30 05:00:00,78.39,78.4,78.39,78.4,851556.0,2325.0,78.4
2021-12-31 05:00:00,78.39,78.4,78.39,78.4,914825.0,2131.0,78.4
2022-01-03 05:00:00,78.4,78.4,78.39,78.39,1820561.0,2786.0,78.39
2022-01-04 05:00:00,78.39,78.4,78.39,78.4,2650131.0,3005.0,78.4
2022-01-05 05:00:00,78.4,78.4,78.39,78.4,1848106.0,2791.0,78.4
2022-01-06 05:00:00,78.4,78.4,78.39,78.4,1088996.0,2958.0,78.4
2022-01-07 05:00:00,78.4,78.4,78.39,78.4,820502.0,2371.0,78.4
2022-01-10 05:00:00,78.39,78.4,78.39,78.39,1904622.0,2491.0,78.39
2022-01-11 05:00:00,78.39,78.39,78.38,78.38,1929056.0,4373.0,78.39
2022-01-12 05:00:00,78.39,78.4,78.39,78.39,992437.0,2209.0,78.39
2022-01-13 05:00:00,78.39,78.4,78.39,78.4,1066410.0,3820.0,78.4
2022-01-14 05:00:00,78.39,78.4,78.39,78.4,587967.0,1776.0,78.39
2022-01-18 05:00:00,78.4,78.4,78.38,78.38,3182172.0,5000.0,78.39
2022-01-19 05:00:00,78.4,78.4,78.39,78.4,2105248.0,3024.0,78.4
2022-01-20 05:00:00,78.4,78.4,78.39,78.4,1760552.0,3734.0,78.4
2022-01-21 05:00:00,78.39,78.4,78.38,78.39,2951324.0,2508.0,78.4
2022-01-24 05:00:00,78.38,78.4,78.38,78.4,4908854.0,3520.0,78.4
2022-01-25 05:00:00,78.39,78.4,78.38,78.38,4795801.0,5529.0,78.4
2022-01-26 05:00:00,78.38,78.4,78.38,78.39,3731264.0,3319.0,78.39
2022-01-27 05:00:00,78.38,78.4,78.38,78.4,6317289.0,7210.0,78.39
2022-01-28 05:00:00,78.39,78.4,78.38,78.38,4948547.0,4866.0,78.39
2022-01-31 05:00:00,78.39,78.4,78.38,78.4,26427056.0,50333.0,78.39
2022-02-01 05:00:00,78.38,78.4,78.38,78.39,6519182.0,8714.0,78.4
2022-02-02 05:00:00,78.39,78.4,78.39,78.4,2140232.0,2793.0,78.39
2022-02-03 05:00:00,78.39,78.4,78.38,78.4,2387175.0,2613.0,78.39
2022-02-04 05:00:00,78.39,78.39,78.38,78.38,6742092.0,6777.0,78.39
2022-02-07 05:00:00,78.39,78.39,78.38,78.38,1692738.0,2371.0,78.39
2022-02-08 05:00:00,78.39,78.39,78.38,78.39,24208933.0,9134.0,78.39
2022-02-09 05:00:00,78.38,78.39,78.38,78.38,4415496.0,4626.0,78.39
2022-02-10 05:00:00,78.38,78.39,78.37,78.38,6138255.0,5374.0,78.38
2022-02-11 05:00:00,78.38,78.39,78.37,78.38,3172323.0,3156.0,78.38
2022-02-14 05:00:00,78.38,78.39,78.37,78.37,1894375.0,3719.0,78.38
2022-02-15 05:00:00,78.38,78.39,78.38,78.39,956427.0,2174.0,78.39
2022-02-16 05:00:00,78.39,78.39,78.38,78.39,1077469.0,2523.0,78.39
2022-02-17 05:00:00,78.39,78.39,78.38,78.38,2334567.0,2384.0,78.39
2022-02-18 05:00:00,78.39,78.39,78.38,78.39,1507294.0,1649.0,78.39
2022-02-22 05:00:00,78.38,78.39,78.38,78.39,2188480.0,3464.0,78.39
2022-02-23 05:00:00,78.38,78.39,78.38,78.38,11557917.0,4923.0,78.38
2022-02-24 05:00:00,78.39,78.4,78.38,78.38,8572319.0,6795.0,78.39
2022-02-25 05:00:00,78.39,78.39,78.38,78.38,1961495.0,2610.0,78.39
2022-02-28 05:00:00,78.39,78.39,78.38,78.38,1814619.0,3107.0,78.39
2022-03-01 05:00:00,78.39,78.39,78.38,78.38,4443957.0,8245.0,78.39
2022-03-02 05:00:00,78.39,78.39,78.38,78.38,2344629.0,4802.0,78.39
2022-03-03 05:00:00,78.39,78.39,78.38,78.39,2283527.0,4095.0,78.39
2022-03-04 05:00:00,78.38,78.39,78.38,78.39,1250963.0,2774.0,78.39
2022-03-07 05:00:00,78.37,78.39,78.37,78.39,15949299.0,6561.0,78.38
2022-03-08 05:00:00,78.39,78.39,78.38,78.39,7753026.0,11120.0,78.39
2022-03-09 05:00:00,78.39,78.39,78.38,78.39,2610513.0,6592.0,78.39
2022-03-10 05:00:00,78.39,78.39,78.38,78.39,2361619.0,3437.0,78.38
2022-03-11 05:00:00,78.39,78.39,78.38,78.38,852250.0,2449.0,78.39
2022-03-14 04:00:00,78.38,78.39,78.38,78.39,5013748.0,4748.0,78.39
2022-03-15 04:00:00,78.39,78.39,78.37,78.37,6347733.0,14654.0,78.39
2022-03-16 04:00:00,78.38,78.39,78.37,78.39,1786945.0,4470.0,78.38
2022-03-17 04:00:00,78.38,78.39,78.38,78.39,5472499.0,8908.0,78.38
2022-03-18 04:00:00,78.39,78.39,78.38,78.38,3152053.0,6629.0,78.38
2022-03-21 04:00:00,78.38,78.39,78.38,78.38,3981732.0,4396.0,78.38
2022-03-22 04:00:00,78.39,78.39,78.38,78.38,3564619.0,5272.0,78.39
2022-03-23 04:00:00,78.38,78.4,78.38,78.4,2211115.0,5052.0,78.39
2022-03-24 04:00:00,78.39,78.4,78.39,78.4,1749551.0,3084.0,78.39
2022-03-25 04:00:00,78.4,78.4,78.38,78.38,2873492.0,6508.0,78.39
2022-03-28 04:00:00,78.39,78.39,78.38,78.38,3179095.0,5589.0,78.39
2022-03-29 04:00:00,78.39,78.4,78.38,78.38,4389753.0,5327.0,78.39
2022-03-30 04:00:00,78.38,78.4,78.38,78.4,5638485.0,8064.0,78.39
2022-03-31 04:00:00,78.4,78.4,78.39,78.4,4940550.0,4266.0,78.39
2022-04-01 04:00:00,78.39,78.4,78.38,78.4,2333442.0,5858.0,78.39
2022-04-04 04:00:00,78.38,78.39,78.38,78.39,2497986.0,6172.0,78.39
2022-04-05 04:00:00,78.38,78.39,78.38,78.38,2169183.0,3832.0,78.39
2022-04-06 04:00:00,78.39,78.39,78.38,78.39,2713728.0,5850.0,78.39
2022-04-07 04:00:00,78.38,78.39,78.38,78.39,2655555.0,3166.0,78.39
2022-04-08 04:00:00,78.38,78.39,78.38,78.38,4747536.0,10865.0,78.39
2022-04-11 04:00:00,78.39,78.39,78.38,78.39,3631101.0,4731.0,78.39
2022-04-12 04:00:00,78.38,78.39,78.38,78.39,5800136.0,5987.0,78.39
2022-04-13 04:00:00,78.38,78.39,78.38,78.39,3772645.0,3613.0,78.39
2022-04-14 04:00:00,78.38,78.39,78.38,78.38,1634167.0,3064.0,78.39
2022-04-18 04:00:00,78.38,78.39,78.38,78.39,2884497.0,6723.0,78.39
2022-04-19 04:00:00,78.38,78.39,78.38,78.38,3206916.0,5151.0,78.39
2022-04-20 04:00:00,78.38,78.4,78.38,78.4,1937375.0,4765.0,78.39
2022-04-21 04:00:00,78.4,78.4,78.39,78.4,3808523.0,10583.0,78.4
2022-04-22 04:00:00,78.38,78.4,78.38,78.39,2192742.0,5526.0,78.39
2022-04-25 04:00:00,78.38,78.4,78.38,78.4,10581812.0,12216.0,78.4
2022-04-26 04:00:00,78.39,78.4,78.39,78.39,4573213.0,9686.0,78.4
2022-04-27 04:00:00,78.39,78.4,78.39,78.39,7574734.0,5784.0,78.4
2022-04-28 04:00:00,78.39,78.41,78.39,78.41,6079055.0,10348.0,78.4
2022-04-29 04:00:00,78.4,78.4,78.39,78.39,2693453.0,4750.0,78.4
2022-05-02 04:00:00,78.41,78.41,78.39,78.4,7578923.0,11629.0,78.41
2022-05-03 04:00:00,78.41,78.41,78.39,78.39,6146977.0,9211.0,78.4
2022-05-04 04:00:00,78.39,78.41,78.39,78.41,3090610.0,9889.0,78.4
2022-05-05 04:00:00,78.41,78.41,78.4,78.41,5216849.0,13270.0,78.4
2022-05-06 04:00:00,78.4,78.41,78.4,78.41,4803046.0,6446.0,78.41
2022-05-09 04:00:00,78.42,78.42,78.4,78.4,8861128.0,14061.0,78.41
2022-05-10 04:00:00,78.41,78.42,78.4,78.4,8330384.0,14191.0,78.41
2022-05-11 04:00:00,78.4,78.42,78.4,78.4,6442330.0,11112.0,78.4
2022-05-12 04:00:00,78.41,78.42,78.4,78.41,9051847.0,9334.0,78.41
2022-05-13 04:00:00,78.4,78.42,78.4,78.42,14933891.0,42124.0,78.41
2022-05-16 04:00:00,78.41,78.41,78.4,78.41,2720626.0,4783.0,78.4
2022-05-17 04:00:00,78.4,78.42,78.4,78.41,2496668.0,5686.0,78.41
2022-05-18 04:00:00,78.41,78.42,78.4,78.41,4469556.0,5878.0,78.41
2022-05-19 04:00:00,78.42,78.43,78.41,78.43,4075098.0,6527.0,78.42
2022-05-20 04:00:00,78.42,78.43,78.41,78.43,3231219.0,5021.0,78.42
2022-05-23 04:00:00,78.42,78.43,78.42,78.43,2117543.0,4690.0,78.42
2022-05-24 04:00:00,78.43,78.43,78.42,78.42,3483385.0,5214.0,78.42
2022-05-25 04:00:00,78.42,78.43,78.42,78.43,1732339.0,4191.0,78.42
2022-05-26 04:00:00,78.42,78.44,78.42,78.44,3426708.0,4946.0,78.43
2022-05-27 04:00:00,78.43,78.43,78.42,78.43,2966018.0,3891.0,78.42
2022-05-31 04:00:00,78.43,78.43,78.41,78.42,19795835.0,42486.0,78.42
2022-06-01 04:00:00,78.44,78.44,78.42,78.42,19066025.0,42269.0,78.42
2022-06-02 04:00:00,78.43,78.44,78.42,78.44,1286880.0,2946.0,78.43
2022-06-03 04:00:00,78.43,78.44,78.42,78.42,3125745.0,3442.0,78.42
2022-06-06 04:00:00,78.43,78.43,78.42,78.43,1615180.0,3146.0,78.42
2022-06-07 04:00:00,78.43,78.44,78.42,78.42,1797203.0,4917.0,78.43
2022-06-08 04:00:00,78.44,78.44,78.43,78.43,2029340.0,4892.0,78.43
2022-06-09 04:00:00,78.44,78.44,78.43,78.44,1868749.0,3614.0,78.43
2022-06-10 04:00:00,78.44,78.44,78.42,78.42,7167045.0,4623.0,78.43
2022-06-13 04:00:00,78.43,78.43,78.42,78.43,37616107.0,81506.0,78.42
2022-06-14 04:00:00,78.42,78.42,78.41,78.42,8460626.0,8901.0,78.42
2022-06-15 04:00:00,78.42,78.43,78.41,78.43,2922399.0,6187.0,78.42
2022-06-16 04:00:00,78.43,78.44,78.42,78.44,5312040.0,9755.0,78.43
2022-06-17 04:00:00,78.44,78.44,78.44,78.44,3479207.0,6952.0,78.44
2022-06-21 04:00:00,78.44,78.45,78.44,78.45,5374001.0,8541.0,78.45
2022-06-22 04:00:00,78.45,78.46,78.44,78.46,2948024.0,7751.0,78.45
2022-06-23 04:00:00,78.46,78.46,78.45,78.46,4682764.0,6361.0,78.46
2022-06-24 04:00:00,78.46,78.46,78.44,78.44,3583345.0,5004.0,78.45
2022-06-27 04:00:00,78.45,78.45,78.44,78.44,7662484.0,7349.0,78.45
2022-06-28 04:00:00,78.45,78.46,78.45,78.46,2934860.0,6132.0,78.46
2022-06-29 04:00:00,78.44,78.47,78.44,78.47,2139552.0,6805.0,78.46
2022-06-30 04:00:00,78.47,78.48,78.46,78.48,4434561.0,10009.0,78.47
2022-07-01 04:00:00,78.47,78.48,78.45,78.47,35911482.0,92308.0,78.46
2022-07-05 04:00:00,78.47,78.47,78.46,78.47,9084403.0,7935.0,78.47
2022-07-06 04:00:00,78.47,78.47,78.46,78.47,3891366.0,4172.0,78.47
2022-07-07 04:00:00,78.48,78.48,78.46,78.47,1845534.0,4569.0,78.47
2022-07-08 04:00:00,78.47,78.47,78.46,78.46,1402157.0,3529.0,78.47
2022-07-11 04:00:00,78.46,78.47,78.46,78.47,2341940.0,4096.0,78.47
2022-07-12 04:00:00,78.47,78.47,78.46,78.46,15708944.0,5067.0,78.46
2022-07-13 04:00:00,78.46,78.47,78.45,78.46,12634540.0,8609.0,78.46
2022-07-14 04:00:00,78.45,78.47,78.45,78.47,5183461.0,5289.0,78.46
2022-07-15 04:00:00,78.47,78.47,78.46,78.46,6952595.0,4642.0,78.46
2022-07-18 04:00:00,78.46,78.47,78.45,78.46,3682390.0,7288.0,78.46
2022-07-19 04:00:00,78.47,78.47,78.46,78.46,6871082.0,4806.0,78.47
2022-07-20 04:00:00,78.47,78.48,78.46,78.46,4865190.0,5267.0,78.47
2022-07-21 04:00:00,78.47,78.49,78.46,78.49,3710369.0,3169.0,78.48
2022-07-22 04:00:00,78.49,78.5,78.48,78.5,3533128.0,5138.0,78.48
2022-07-25 04:00:00,78.49,78.49,78.48,78.49,3183764.0,5212.0,78.48
2022-07-26 04:00:00,78.49,78.49,78.48,78.49,1503941.0,3520.0,78.49
2022-07-27 04:00:00,78.49,78.5,78.48,78.49,2633164.0,4921.0,78.49
2022-07-28 04:00:00,78.5,78.51,78.5,78.5,7810543.0,8807.0,78.5
2022-07-29 04:00:00,78.5,78.51,78.5,78.51,6641117.0,6139.0,78.51
2022-08-01 04:00:00,78.5,78.52,78.5,78.51,11532101.0,11354.0,78.51
2022-08-02 04:00:00,78.51,78.52,78.51,78.52,3151041.0,7812.0,78.52
2022-08-03 04:00:00,78.53,78.53,78.51,78.51,4254380.0,7988.0,78.52
2022-08-04 04:00:00,78.54,78.55,78.53,78.53,6584391.0,8132.0,78.54
2022-08-05 04:00:00,78.55,78.55,78.54,78.55,1873149.0,4255.0,78.54
2022-08-08 04:00:00,78.54,78.55,78.54,78.55,2788329.0,5800.0,78.54
2022-08-09 04:00:00,78.54,78.55,78.54,78.55,4034931.0,4165.0,78.55
2022-08-10 04:00:00,78.55,78.56,78.55,78.55,3808215.0,5686.0,78.55
2022-08-11 04:00:00,78.56,78.57,78.55,78.55,6602655.0,8598.0,78.56
2022-08-12 04:00:00,78.56,78.57,78.56,78.57,2117664.0,3733.0,78.57
2022-08-15 04:00:00,78.56,78.57,78.56,78.56,5780238.0,8267.0,78.57
2022-08-16 04:00:00,78.58,78.58,78.57,78.57,4393768.0,6682.0,78.58
2022-08-17 04:00:00,78.58,78.59,78.57,78.57,3908781.0,5327.0,78.58
2022-08-18 04:00:00,78.6,78.61,78.59,78.61,2286916.0,3399.0,78.6
2022-08-19 04:00:00,78.6,78.61,78.59,78.61,4194232.0,8592.0,78.6
2022-08-22 04:00:00,78.6,78.61,78.6,78.61,5693046.0,5899.0,78.61
2022-08-23 04:00:00,78.61,78.61,78.6,78.6,6979709.0,4137.0,78.61
2022-08-24 04:00:00,78.61,78.62,78.61,78.62,2643621.0,5742.0,78.62
2022-08-25 04:00:00,78.62,78.63,78.62,78.63,4143747.0,8687.0,78.63
2022-08-26 04:00:00,78.62,78.64,78.62,78.63,5451833.0,6637.0,78.63
2022-08-29 04:00:00,78.63,78.64,78.63,78.63,7353892.0,10500.0,78.64
2022-08-30 04:00:00,78.64,78.65,78.63,78.64,32175285.0,92017.0,78.65
2022-08-31 04:00:00,78.65,78.66,78.64,78.66,9908683.0,10156.0,78.65
2022-09-01 04:00:00,78.67,78.67,78.67,78.67,8230180.0,12093.0,78.67
2022-09-02 04:00:00,78.67,78.68,78.67,78.68,5884721.0,13801.0,78.68
2022-09-06 04:00:00,78.67,78.68,78.67,78.68,8078149.0,11310.0,78.68
2022-09-07 04:00:00,78.67,78.69,78.67,78.69,5239017.0,8260.0,78.69
2022-09-08 04:00:00,78.71,78.71,78.69,78.71,4618324.0,6995.0,78.71
2022-09-09 04:00:00,78.7,78.71,78.7,78.71,2025729.0,5597.0,78.7
2022-09-12 04:00:00,78.71,78.72,78.7,78.7,5412373.0,8095.0,78.71
2022-09-13 04:00:00,78.7,78.72,78.7,78.72,6244250.0,10519.0,78.71
2022-09-14 04:00:00,78.72,78.72,78.71,78.72,4243171.0,6693.0,78.72
2022-09-15 04:00:00,78.73,78.74,78.73,78.74,5817965.0,7242.0,78.73
2022-09-16 04:00:00,78.74,78.74,78.73,78.74,3583788.0,8883.0,78.74
2022-09-19 04:00:00,78.74,78.75,78.73,78.74,5211406.0,14243.0,78.75
2022-09-20 04:00:00,78.75,78.75,78.73,78.73,3826530.0,10491.0,78.75
2022-09-21 04:00:00,78.74,78.76,78.74,78.75,3811483.0,7015.0,78.76
2022-09-22 04:00:00,78.77,78.79,78.76,78.79,11011104.0,19817.0,78.78
2022-09-23 04:00:00,78.78,78.79,78.77,78.79,15236749.0,27347.0,78.78
2022-09-26 04:00:00,78.79,78.79,78.77,78.77,7848295.0,10345.0,78.78
2022-09-27 04:00:00,78.79,78.79,78.79,78.79,6030114.0,11431.0,78.79
2022-09-28 04:00:00,78.79,78.8,78.79,78.8,6869780.0,13691.0,78.8
2022-09-29 04:00:00,78.82,78.82,78.81,78.82,5973287.0,13265.0,78.82
2022-09-30 04:00:00,78.82,78.82,78.8,78.82,9969326.0,12636.0,78.82
2022-10-03 04:00:00,78.82,78.82,78.8,78.8,7600291.0,14162.0,78.82
2022-10-04 04:00:00,78.82,78.82,78.81,78.82,6631730.0,7985.0,78.82
2022-10-05 04:00:00,78.82,78.83,78.82,78.82,6486681.0,11100.0,78.83
2022-10-06 04:00:00,78.85,78.85,78.84,78.84,3458762.0,5789.0,78.85
2022-10-07 04:00:00,78.85,78.85,78.84,78.84,5086114.0,7430.0,78.85
2022-10-10 04:00:00,78.86,78.86,78.85,78.85,5645423.0,9132.0,78.86
2022-10-11 04:00:00,78.85,78.86,78.85,78.85,7997615.0,14295.0,78.85
2022-10-12 04:00:00,78.86,78.86,78.85,78.85,4716198.0,6850.0,78.86
2022-10-13 04:00:00,78.87,78.88,78.87,78.88,5095433.0,9635.0,78.87
2022-10-14 04:00:00,78.88,78.88,78.87,78.88,3155068.0,9567.0,78.87
2022-10-17 04:00:00,78.89,78.89,78.88,78.88,6413168.0,13389.0,78.88
2022-10-18 04:00:00,78.88,78.89,78.88,78.88,5174140.0,7437.0,78.88
2022-10-19 04:00:00,78.89,78.89,78.88,78.88,4349429.0,7604.0,78.88
2022-10-20 04:00:00,78.89,78.91,78.89,78.91,4641270.0,8795.0,78.91
2022-10-21 04:00:00,78.91,78.92,78.9,78.92,4725105.0,9166.0,78.91
2022-10-24 04:00:00,78.91,78.92,78.91,78.91,2322632.0,6721.0,78.92
2022-10-25 04:00:00,78.91,78.93,78.91,78.91,7081549.0,14058.0,78.92
2022-10-26 04:00:00,78.92,78.93,78.92,78.93,8205788.0,12266.0,78.92
2022-10-27 04:00:00,78.95,78.95,78.94,78.95,4615478.0,5940.0,78.94
2022-10-28 04:00:00,78.95,78.95,78.94,78.95,25685039.0,76412.0,78.95
2022-10-31 04:00:00,78.95,78.96,78.95,78.95,6252020.0,10237.0,78.95
2022-11-01 04:00:00,78.97,78.97,78.95,78.95,6116536.0,10483.0,78.96
2022-11-02 04:00:00,78.97,78.98,78.97,78.98,3347586.0,7893.0,78.97
2022-11-03 04:00:00,79.0,79.0,78.99,79.0,9050802.0,13696.0,79.0
2022-11-04 04:00:00,79.01,79.02,79.0,79.02,9502528.0,9964.0,79.01
2022-11-07 05:00:00,79.02,79.02,79.01,79.01,6503873.0,11839.0,79.02
2022-11-08 05:00:00,79.02,79.03,79.02,79.02,5842979.0,14229.0,79.03
2022-11-09 05:00:00,79.05,79.06,79.05,79.06,3602526.0,8100.0,79.06
2022-11-10 05:00:00,79.06,79.07,79.06,79.07,5835670.0,10900.0,79.07
2022-11-11 05:00:00,79.07,79.07,79.06,79.06,6644954.0,12005.0,79.07
2022-11-14 05:00:00,79.08,79.08,79.06,79.06,10435379.0,21014.0,79.07
2022-11-15 05:00:00,79.08,79.08,79.07,79.08,9800775.0,12689.0,79.08
2022-11-16 05:00:00,79.08,79.09,79.08,79.09,7824129.0,12672.0,79.09
2022-11-17 05:00:00,79.11,79.12,79.11,79.12,4772984.0,8897.0,79.11
2022-11-18 05:00:00,79.11,79.12,79.11,79.12,7061767.0,7829.0,79.11
2022-11-21 05:00:00,79.12,79.12,79.12,79.12,3437283.0,6553.0,79.12
2022-11-22 05:00:00,79.12,79.14,79.12,79.14,5261176.0,10609.0,79.14
2022-11-23 05:00:00,79.15,79.17,79.15,79.16,4144440.0,9734.0,79.16
2022-11-25 05:00:00,79.17,79.17,79.16,79.16,2543090.0,5616.0,79.16
2022-11-28 05:00:00,79.17,79.18,79.17,79.17,4456155.0,13083.0,79.17
2022-11-29 05:00:00,79.19,79.19,79.18,79.19,3754663.0,7122.0,79.18
2022-11-30 05:00:00,79.19,79.19,79.19,79.19,5418275.0,10139.0,79.19
2022-12-01 05:00:00,79.21,79.22,79.21,79.21,10968003.0,21733.0,79.21
2022-12-02 05:00:00,79.23,79.23,79.22,79.22,10316323.0,10407.0,79.22
2022-12-05 05:00:00,79.23,79.24,79.23,79.23,8943739.0,13353.0,79.23
2022-12-06 05:00:00,79.25,79.25,79.24,79.25,9646932.0,11248.0,79.25
2022-12-07 05:00:00,79.26,79.27,79.25,79.25,9798553.0,15155.0,79.27
2022-12-08 05:00:00,79.28,79.31,79.28,79.31,3855858.0,8712.0,79.3
2022-12-09 05:00:00,79.3,79.31,79.3,79.3,7718474.0,8224.0,79.3
2022-12-12 05:00:00,79.32,79.32,79.31,79.31,4383623.0,7026.0,79.31
2022-12-13 05:00:00,79.32,79.32,79.31,79.31,6645767.0,11750.0,79.32
2022-12-14 05:00:00,79.32,79.33,79.31,79.33,6898429.0,12674.0,79.32
2022-12-15 05:00:00,79.34,79.35,79.34,79.35,7772108.0,16299.0,79.35
2022-12-16 05:00:00,79.36,79.36,79.35,79.35,4120879.0,10740.0,79.36
2022-12-19 05:00:00,79.37,79.37,79.36,79.36,8627050.0,16575.0,79.36
2022-12-20 05:00:00,79.38,79.38,79.37,79.37,5204285.0,11835.0,79.37
2022-12-21 05:00:00,79.39,79.39,79.38,79.38,6471770.0,9934.0,79.38
2022-12-22 05:00:00,79.41,79.43,79.41,79.43,6594154.0,17101.0,79.42
2022-12-23 05:00:00,79.42,79.43,79.42,79.43,3682274.0,8757.0,79.43
2022-12-27 05:00:00,79.43,79.44,79.43,79.43,4267948.0,8806.0,79.43
2022-12-28 05:00:00,79.46,79.46,79.44,79.46,4123246.0,10721.0,79.45
2022-12-29 05:00:00,79.48,79.49,79.48,79.49,5637384.0,7904.0,79.48
2022-12-30 05:00:00,79.48,79.48,79.47,79.48,6533721.0,11682.0,79.48
2023-01-03 05:00:00,79.49,79.49,79.48,79.49,12503054.0,16871.0,79.49
2023-01-04 05:00:00,79.49,79.5,79.48,79.48,9074489.0,16884.0,79.49
2023-01-05 05:00:00,79.51,79.52,79.5,79.51,6454130.0,12915.0,79.51
2023-01-06 05:00:00,79.51,79.52,79.5,79.5,4620714.0,10495.0,79.51
2023-01-09 05:00:00,79.51,79.52,79.51,79.52,9734546.0,18324.0,79.51
2023-01-10 05:00:00,79.52,79.52,79.51,79.51,5606657.0,10069.0,79.51
2023-01-11 05:00:00,79.52,79.52,79.51,79.51,8601349.0,14533.0,79.52
2023-01-12 05:00:00,79.56,79.57,79.56,79.57,8086875.0,17521.0,79.56
2023-01-13 05:00:00,79.57,79.58,79.57,79.58,5501137.0,8064.0,79.57
2023-01-17 05:00:00,79.58,79.59,79.58,79.58,9495439.0,17507.0,79.58
2023-01-18 05:00:00,79.59,79.59,79.59,79.59,4944801.0,7440.0,79.59
2023-01-19 05:00:00,79.61,79.62,79.61,79.62,6491335.0,8359.0,79.62
2023-01-20 05:00:00,79.63,79.63,79.62,79.63,4530408.0,9080.0,79.63
2023-01-23 05:00:00,79.64,79.64,79.63,79.63,9166448.0,13286.0,79.63
2023-01-24 05:00:00,79.65,79.65,79.64,79.64,5073702.0,8013.0,79.64
2023-01-25 05:00:00,79.66,79.66,79.65,79.65,7570284.0,10231.0,79.65
2023-01-26 05:00:00,79.68,79.69,79.68,79.69,5116540.0,7727.0,79.68
2023-01-27 05:00:00,79.7,79.7,79.69,79.7,5227546.0,6884.0,79.69
2023-01-30 05:00:00,79.7,79.71,79.7,79.7,4281510.0,10519.0,79.7
2023-01-31 05:00:00,79.71,79.72,79.71,79.71,7362580.0,11114.0,79.71
2023-02-01 05:00:00,79.73,79.73,79.71,79.71,9423976.0,18931.0,79.72
2023-02-02 05:00:00,79.75,79.76,79.75,79.75,11984466.0,16038.0,79.75
2023-02-03 05:00:00,79.76,79.76,79.76,79.76,8913135.0,12515.0,79.76
2023-02-06 05:00:00,79.77,79.77,79.76,79.77,5928213.0,9842.0,79.77
2023-02-07 05:00:00,79.78,79.78,79.77,79.78,4283241.0,9731.0,79.78
2023-02-08 05:00:00,79.79,79.79,79.78,79.78,4101519.0,9034.0,79.79
2023-02-09 05:00:00,79.81,79.82,79.81,79.81,4909424.0,9333.0,79.81
2023-02-10 05:00:00,79.82,79.83,79.82,79.82,4570490.0,10866.0,79.82
2023-02-13 05:00:00,79.83,79.83,79.83,79.83,8903955.0,10740.0,79.83
2023-02-14 05:00:00,79.83,79.84,79.83,79.83,4056633.0,7960.0,79.84
2023-02-15 05:00:00,79.85,79.85,79.84,79.85,4897020.0,8556.0,79.85
2023-02-16 05:00:00,79.9,79.9,79.89,79.9,5556380.0,11541.0,79.89
2023-02-17 05:00:00,79.9,79.9,79.9,79.9,4391746.0,9803.0,79.9
2023-02-21 05:00:00,79.91,79.92,79.9,79.9,17021270.0,47809.0,79.91
2023-02-22 05:00:00,79.91,79.93,79.91,79.93,18697179.0,24839.0,79.92
2023-02-23 05:00:00,79.96,79.96,79.95,79.96,4863169.0,10742.0,79.95
2023-02-24 05:00:00,79.97,79.97,79.96,79.97,7728601.0,12646.0,79.96
2023-02-27 05:00:00,79.97,79.97,79.97,79.97,7477368.0,14688.0,79.97
2023-02-28 05:00:00,79.98,79.98,79.97,79.98,8086877.0,14585.0,79.98
2023-03-01 05:00:00,80.0,80.0,79.99,79.99,11005645.0,22355.0,79.99
2023-03-02 05:00:00,80.02,80.02,80.01,80.01,9639282.0,15101.0,80.02
2023-03-03 05:00:00,80.02,80.03,80.02,80.03,7059213.0,18810.0,80.03
2023-03-06 05:00:00,80.04,80.04,80.03,80.04,6131236.0,9756.0,80.04
2023-03-07 05:00:00,80.05,80.06,80.04,80.04,4330695.0,11693.0,80.05
2023-03-08 05:00:00,80.06,80.06,80.05,80.06,8207040.0,15452.0,80.06
2023-03-09 05:00:00,80.07,80.08,80.07,80.07,6450460.0,14274.0,80.08
2023-03-10 05:00:00,80.09,80.1,80.09,80.09,13461885.0,24461.0,80.1
2023-03-13 04:00:00,80.14,80.14,80.11,80.11,21684742.0,27719.0,80.13
2023-03-14 04:00:00,80.13,80.14,80.12,80.12,35715154.0,51759.0,80.13
2023-03-15 04:00:00,80.15,80.16,80.14,80.16,11411671.0,18938.0,80.16
2023-03-16 04:00:00,80.19,80.2,80.19,80.2,9346998.0,15720.0,80.19
2023-03-17 04:00:00,80.19,80.21,80.19,80.21,8556239.0,15597.0,80.2
2023-03-20 04:00:00,80.21,80.22,80.21,80.22,8169649.0,12861.0,80.21
2023-03-21 04:00:00,80.21,80.23,80.21,80.22,7888533.0,14035.0,80.23
2023-03-22 04:00:00,80.23,80.24,80.23,80.24,8202639.0,11366.0,80.24
2023-03-23 04:00:00,80.26,80.28,80.26,80.28,5769458.0,12413.0,80.27
2023-03-24 04:00:00,80.28,80.29,80.28,80.29,7374824.0,15847.0,80.28
2023-03-27 04:00:00,80.28,80.29,80.28,80.28,6188622.0,15317.0,80.29
2023-03-28 04:00:00,80.3,80.31,80.3,80.3,6215010.0,10961.0,80.31
2023-03-29 04:00:00,80.3,80.32,80.3,80.3,4705650.0,10301.0,80.31
2023-03-30 04:00:00,80.32,80.33,80.3,80.32,9284749.0,13987.0,80.32
2023-03-31 04:00:00,80.32,80.32,80.3,80.3,11613407.0,20786.0,80.31
2023-04-03 04:00:00,80.33,80.33,80.32,80.32,12448638.0,23866.0,80.33
2023-04-04 04:00:00,80.33,80.34,80.33,80.33,10265808.0,15432.0,80.33
2023-04-05 04:00:00,80.37,80.38,80.37,80.37,6913877.0,10553.0,80.38
2023-04-06 04:00:00,80.39,80.39,80.38,80.38,4941406.0,11569.0,80.39
2023-04-10 04:00:00,80.4,80.4,80.39,80.39,5741944.0,13128.0,80.4
2023-04-11 04:00:00,80.4,80.41,80.4,80.4,7722550.0,20380.0,80.41
2023-04-12 04:00:00,80.42,80.43,80.41,80.42,8786248.0,12044.0,80.41
2023-04-13 04:00:00,80.45,80.46,80.45,80.46,8673892.0,12012.0,80.46
2023-04-14 04:00:00,80.46,80.47,80.45,80.46,9389824.0,16860.0,80.46
2023-04-17 04:00:00,80.47,80.48,80.47,80.48,5173785.0,11792.0,80.48
2023-04-18 04:00:00,80.48,80.5,80.48,80.49,4540656.0,11101.0,80.49
2023-04-19 04:00:00,80.51,80.51,80.5,80.5,5901933.0,9706.0,80.5
2023-04-20 04:00:00,80.54,80.56,80.53,80.56,6034406.0,11343.0,80.54
2023-04-21 04:00:00,80.55,80.55,80.54,80.55,5878598.0,9480.0,80.55
2023-04-24 04:00:00,80.57,80.57,80.55,80.56,8195934.0,12731.0,80.56
2023-04-25 04:00:00,80.56,80.57,80.55,80.55,4222514.0,10286.0,80.56
2023-04-26 04:00:00,80.56,80.57,80.56,80.57,7365235.0,12473.0,80.57
2023-04-27 04:00:00,80.59,80.6,80.58,80.59,5585429.0,12166.0,80.59
2023-04-28 04:00:00,80.58,80.59,80.58,80.59,6526070.0,18863.0,80.59
2023-05-01 04:00:00,80.61,80.61,80.6,80.6,11273342.0,23072.0,80.61
2023-05-02 04:00:00,80.61,80.61,80.58,80.58,5495889.0,14338.0,80.59
2023-05-03 04:00:00,80.6,80.6,80.59,80.59,5533058.0,10962.0,80.59
2023-05-04 04:00:00,80.62,80.62,80.61,80.61,8052718.0,19314.0,80.62
2023-05-05 04:00:00,80.63,80.65,80.62,80.63,7169177.0,14681.0,80.63
2023-05-08 04:00:00,80.64,80.65,80.64,80.64,5508603.0,14226.0,80.65
2023-05-09 04:00:00,80.66,80.66,80.65,80.65,6850301.0,14517.0,80.66
2023-05-10 04:00:00,80.67,80.68,80.66,80.66,4831812.0,11713.0,80.66
2023-05-11 04:00:00,80.71,80.72,80.7,80.71,6159808.0,12779.0,80.71
2023-05-12 04:00:00,80.73,80.73,80.72,80.73,4324759.0,11415.0,80.73
2023-05-15 04:00:00,80.73,80.74,80.73,80.74,4056073.0,10078.0,80.73
2023-05-16 04:00:00,80.74,80.75,80.73,80.73,8530375.0,14725.0,80.74
2023-05-17 04:00:00,80.75,80.76,80.75,80.75,5415399.0,10613.0,80.75
2023-05-18 04:00:00,80.78,80.79,80.77,80.79,6433957.0,14428.0,80.78
2023-05-19 04:00:00,80.8,80.8,80.78,80.79,6438118.0,13631.0,80.79
2023-05-22 04:00:00,80.8,80.8,80.79,80.8,8404900.0,11748.0,80.79
2023-05-23 04:00:00,80.8,80.81,80.8,80.8,5050528.0,10016.0,80.8
2023-05-24 04:00:00,80.81,80.82,80.8,80.8,4762054.0,9389.0,80.81
2023-05-25 04:00:00,80.86,80.86,80.85,80.85,5264007.0,13418.0,80.86
2023-05-26 04:00:00,80.88,80.89,80.87,80.87,5915888.0,13559.0,80.88
2023-05-30 04:00:00,80.89,80.9,80.88,80.88,11529270.0,17117.0,80.89
2023-05-31 04:00:00,80.9,80.91,80.9,80.9,9807373.0,18819.0,80.9
2023-06-01 04:00:00,80.94,80.94,80.93,80.94,10700452.0,20649.0,80.94
2023-06-02 04:00:00,80.95,80.95,80.93,80.95,10257549.0,20084.0,80.94
2023-06-05 04:00:00,80.96,80.96,80.94,80.95,10103633.0,17052.0,80.95
2023-06-06 04:00:00,80.97,80.98,80.96,80.97,6120926.0,12877.0,80.97
2023-06-07 04:00:00,80.98,80.99,80.98,80.98,6483083.0,15148.0,80.98
2023-06-08 04:00:00,81.01,81.02,81.01,81.02,8802012.0,14721.0,81.01
2023-06-09 04:00:00,81.02,81.03,81.02,81.03,6456740.0,12679.0,81.03
2023-06-12 04:00:00,81.04,81.05,81.04,81.04,3781329.0,10007.0,81.04
2023-06-13 04:00:00,81.05,81.06,81.05,81.06,6784247.0,14827.0,81.05
2023-06-14 04:00:00,81.06,81.07,81.06,81.07,5756288.0,10528.0,81.06
2023-06-15 04:00:00,81.11,81.12,81.11,81.11,9827278.0,14792.0,81.11
2023-06-16 04:00:00,81.13,81.13,81.12,81.12,4765337.0,13538.0,81.12
2023-06-20 04:00:00,81.13,81.14,81.13,81.14,6174256.0,15984.0,81.13
2023-06-21 04:00:00,81.14,81.15,81.14,81.14,4945331.0,12302.0,81.14
2023-06-22 04:00:00,81.17,81.18,81.17,81.17,4704645.0,9318.0,81.18
2023-06-23 04:00:00,81.18,81.19,81.18,81.18,3851471.0,10360.0,81.19
2023-06-26 04:00:00,81.2,81.21,81.19,81.19,7241346.0,12751.0,81.2
2023-06-27 04:00:00,81.21,81.22,81.21,81.21,5476342.0,16210.0,81.21
2023-06-28 04:00:00,81.22,81.22,81.22,81.22,4486792.0,10331.0,81.22
2023-06-29 04:00:00,81.25,81.26,81.24,81.24,5728011.0,11120.0,81.25
2023-06-30 04:00:00,81.27,81.28,81.27,81.27,8043510.0,15755.0,81.27
2023-07-03 04:00:00,81.28,81.29,81.28,81.29,7138841.0,15344.0,81.28
2023-07-05 04:00:00,81.3,81.31,81.29,81.3,7987862.0,16524.0,81.3
2023-07-06 04:00:00,81.32,81.33,81.32,81.32,7569955.0,13789.0,81.33
2023-07-07 04:00:00,81.33,81.34,81.33,81.33,6490997.0,17381.0,81.34
2023-07-10 04:00:00,81.34,81.35,81.34,81.35,4185982.0,12296.0,81.35
2023-07-11 04:00:00,81.36,81.37,81.36,81.36,5569134.0,16662.0,81.36
2023-07-12 04:00:00,81.37,81.38,81.37,81.38,7188077.0,13329.0,81.37
2023-07-13 04:00:00,81.4,81.41,81.4,81.41,5902610.0,14232.0,81.41
2023-07-14 04:00:00,81.41,81.42,81.41,81.42,6505849.0,12313.0,81.42
2023-07-17 04:00:00,81.43,81.43,81.42,81.43,3932615.0,12228.0,81.43
2023-07-18 04:00:00,81.44,81.44,81.43,81.43,4791005.0,12539.0,81.44
2023-07-19 04:00:00,81.45,81.46,81.45,81.45,5132137.0,10714.0,81.45
2023-07-20 04:00:00,81.48,81.49,81.48,81.49,5047573.0,12648.0,81.48
2023-07-21 04:00:00,81.49,81.5,81.49,81.49,4087140.0,8315.0,81.5
2023-07-24 04:00:00,81.5,81.51,81.5,81.5,3752360.0,11924.0,81.51
2023-07-25 04:00:00,81.52,81.52,81.51,81.51,4170511.0,9261.0,81.51
2023-07-26 04:00:00,81.53,81.53,81.52,81.52,4699978.0,8734.0,81.52
2023-07-27 04:00:00,81.56,81.56,81.56,81.56,4727801.0,10926.0,81.56
2023-07-28 04:00:00,81.57,81.58,81.57,81.57,3714538.0,9612.0,81.58
2023-07-31 04:00:00,81.58,81.59,81.58,81.58,6722741.0,15375.0,81.58
2023-08-01 04:00:00,81.6,81.6,81.59,81.6,13371033.0,23369.0,81.6
2023-08-02 04:00:00,81.61,81.61,81.6,81.61,8217435.0,18662.0,81.61
2023-08-03 04:00:00,81.65,81.65,81.64,81.65,5729211.0,13504.0,81.65
2023-08-04 04:00:00,81.66,81.67,81.66,81.67,6200044.0,14334.0,81.66
2023-08-07 04:00:00,81.67,81.67,81.67,81.67,5977994.0,14741.0,81.67
2023-08-08 04:00:00,81.68,81.68,81.67,81.68,6517873.0,12544.0,81.68
2023-08-09 04:00:00,81.69,81.7,81.69,81.69,4293045.0,11140.0,81.7
2023-08-10 04:00:00,81.72,81.74,81.72,81.74,5120647.0,11404.0,81.73
2023-08-11 04:00:00,81.74,81.75,81.74,81.75,3669147.0,10941.0,81.74
2023-08-14 04:00:00,81.75,81.75,81.75,81.75,6596068.0,11804.0,81.75
2023-08-15 04:00:00,81.75,81.76,81.75,81.76,4853142.0,10177.0,81.76
2023-08-16 04:00:00,81.77,81.78,81.77,81.78,7890326.0,13760.0,81.78
2023-08-17 04:00:00,81.81,81.82,81.81,81.82,5621651.0,13840.0,81.81
2023-08-18 04:00:00,81.83,81.83,81.82,81.83,6774433.0,12481.0,81.82
2023-08-21 04:00:00,81.83,81.83,81.83,81.83,5959691.0,13578.0,81.83
2023-08-22 04:00:00,81.85,81.85,81.84,81.84,5790320.0,12205.0,81.85
2023-08-23 04:00:00,81.85,81.86,81.85,81.86,9529319.0,12365.0,81.86
2023-08-24 04:00:00,81.89,81.9,81.89,81.89,6746698.0,12846.0,81.89
2023-08-25 04:00:00,81.9,81.91,81.9,81.91,4882975.0,13768.0,81.9
2023-08-28 04:00:00,81.92,81.92,81.92,81.92,4264068.0,10749.0,81.92
2023-08-29 04:00:00,81.93,81.93,81.92,81.92,9168234.0,13004.0,81.93
2023-08-30 04:00:00,81.93,81.94,81.92,81.93,6427024.0,17489.0,81.94
2023-08-31 04:00:00,81.98,81.99,81.98,81.99,7771549.0,17323.0,81.98
2023-09-01 04:00:00,82.0,82.0,81.99,82.0,21540522.0,31355.0,81.99
2023-09-05 04:00:00,82.02,82.02,82.01,82.02,8316301.0,16815.0,82.01
2023-09-06 04:00:00,82.03,82.03,82.02,82.02,6524802.0,17323.0,82.02
2023-09-07 04:00:00,82.05,82.06,82.05,82.06,6808090.0,12051.0,82.06
2023-09-08 04:00:00,82.06,82.07,82.06,82.07,6420359.0,12808.0,82.07
2023-09-11 04:00:00,82.09,82.09,82.07,82.07,8027074.0,14502.0,82.08
2023-09-12 04:00:00,82.09,82.1,82.09,82.1,9948398.0,12899.0,82.09
2023-09-13 04:00:00,82.1,82.11,82.1,82.11,4696195.0,11656.0,82.1
2023-09-14 04:00:00,82.13,82.14,82.13,82.13,4214826.0,11046.0,82.14
2023-09-15 04:00:00,82.15,82.15,82.14,82.15,4688759.0,12346.0,82.15
2023-09-18 04:00:00,82.17,82.17,82.16,82.16,7376159.0,15945.0,82.16
2023-09-19 04:00:00,82.17,82.18,82.17,82.17,4357493.0,11132.0,82.17
2023-09-20 04:00:00,82.18,82.19,82.18,82.18,5946196.0,12810.0,82.19
2023-09-21 04:00:00,82.21,82.22,82.21,82.22,7526646.0,14742.0,82.22
2023-09-22 04:00:00,82.23,82.24,82.23,82.23,15684404.0,20296.0,82.24
2023-09-25 04:00:00,82.25,82.25,82.24,82.24,7491954.0,16558.0,82.25
2023-09-26 04:00:00,82.25,82.26,82.25,82.25,7130600.0,19159.0,82.26
2023-09-27 04:00:00,82.28,82.28,82.26,82.28,7669707.0,11964.0,82.27
2023-09-28 04:00:00,82.3,82.31,82.3,82.3,8426352.0,15705.0,82.3
2023-09-29 04:00:00,82.31,82.32,82.31,82.31,9081532.0,16359.0,82.32
2023-10-02 04:00:00,82.34,82.34,82.33,82.33,22550368.0,33165.0,82.33
2023-10-03 04:00:00,82.34,82.34,82.34,82.34,10648812.0,19974.0,82.34
2023-10-04 04:00:00,82.34,82.35,82.34,82.35,26575749.0,35951.0,82.35
2023-10-05 04:00:00,82.4,82.41,82.4,82.41,8295301.0,13616.0,82.4
2023-10-06 04:00:00,82.42,82.42,82.41,82.41,9856139.0,14794.0,82.41
2023-10-09 04:00:00,82.42,82.43,82.41,82.42,5972285.0,16014.0,82.42
2023-10-10 04:00:00,82.43,82.43,82.42,82.42,8463658.0,13361.0,82.42
2023-10-11 04:00:00,82.43,82.43,82.43,82.43,6839359.0,13074.0,82.43
2023-10-12 04:00:00,82.47,82.47,82.46,82.47,7528682.0,11476.0,82.47
2023-10-13 04:00:00,82.48,82.49,82.48,82.49,15044288.0,16520.0,82.48
2023-10-16 04:00:00,82.51,82.51,82.49,82.5,8181787.0,15659.0,82.5
2023-10-17 04:00:00,82.51,82.52,82.51,82.51,5363207.0,12254.0,82.51
2023-10-18 04:00:00,82.52,82.52,82.52,82.52,6069544.0,15389.0,82.52
2023-10-19 04:00:00,82.55,82.56,82.55,82.55,4551547.0,13305.0,82.56
2023-10-20 04:00:00,82.57,82.57,82.56,82.57,4887085.0,16779.0,82.57
2023-10-23 04:00:00,82.59,82.59,82.58,82.58,14352697.0,16081.0,82.58
2023-10-24 04:00:00,82.6,82.6,82.59,82.59,12544151.0,21682.0,82.59
2023-10-25 04:00:00,82.61,82.61,82.6,82.6,12375965.0,18159.0,82.6
2023-10-26 04:00:00,82.64,82.64,82.63,82.63,9919980.0,29448.0,82.64
2023-10-27 04:00:00,82.65,82.67,82.65,82.66,28357722.0,17363.0,82.66
2023-10-30 04:00:00,82.66,82.67,82.66,82.67,25136882.0,17845.0,82.67
2023-10-31 04:00:00,82.67,82.68,82.67,82.67,16748409.0,20973.0,82.67
2023-11-01 04:00:00,82.69,82.69,82.68,82.69,25791850.0,36101.0,82.69
2023-11-02 04:00:00,82.72,82.73,82.72,82.72,11970792.0,27714.0,82.72
2023-11-03 04:00:00,82.73,82.74,82.73,82.73,13721127.0,19780.0,82.73
2023-11-06 05:00:00,82.74,82.75,82.74,82.74,28039215.0,22937.0,82.74
2023-11-07 05:00:00,82.76,82.77,82.76,82.76,6950988.0,16121.0,82.76
2023-11-08 05:00:00,82.77,82.77,82.77,82.77,9180829.0,15993.0,82.77
2023-11-09 05:00:00,82.8,82.81,82.8,82.81,11886828.0,20595.0,82.81
2023-11-10 05:00:00,82.82,82.83,82.82,82.82,5574226.0,12802.0,82.82
2023-11-13 05:00:00,82.83,82.84,82.83,82.83,6166730.0,13763.0,82.83
2023-11-14 05:00:00,82.84,82.85,82.84,82.84,11126530.0,20003.0,82.84
2023-11-15 05:00:00,82.87,82.87,82.86,82.86,10552705.0,17764.0,82.86
2023-11-16 05:00:00,82.89,82.9,82.89,82.89,7802852.0,11728.0,82.9
2023-11-17 05:00:00,82.9,82.91,82.9,82.91,6794144.0,14206.0,82.9
2023-11-20 05:00:00,82.92,82.92,82.91,82.91,8516563.0,14423.0,82.92
2023-11-21 05:00:00,82.95,82.95,82.94,82.94,13067070.0,14929.0,82.94
2023-11-22 05:00:00,82.98,82.98,82.97,82.97,7628016.0,11829.0,82.98
2023-11-24 05:00:00,82.98,82.99,82.98,82.98,2838982.0,7980.0,82.99
2023-11-27 05:00:00,82.99,83.0,82.99,82.99,9166036.0,13474.0,83.0
2023-11-28 05:00:00,83.01,83.02,83.01,83.01,7244736.0,12264.0,83.01
2023-11-29 05:00:00,83.02,83.03,83.02,83.02,6942212.0,16824.0,83.02
2023-11-30 05:00:00,83.06,83.06,83.06,83.06,18629938.0,23148.0,83.06
2023-12-01 05:00:00,83.08,83.08,83.07,83.07,21247844.0,30936.0,83.08
2023-12-04 05:00:00,83.08,83.09,83.07,83.07,15502991.0,17586.0,83.08
2023-12-05 05:00:00,83.1,83.1,83.09,83.09,6463431.0,16172.0,83.09
2023-12-06 05:00:00,83.1,83.11,83.1,83.1,6941736.0,13729.0,83.11
2023-12-07 05:00:00,83.14,83.15,83.14,83.14,7369288.0,11849.0,83.14
2023-12-08 05:00:00,83.15,83.16,83.15,83.15,5730106.0,15151.0,83.16
2023-12-11 05:00:00,83.17,83.17,83.16,83.17,5613480.0,13288.0,83.17
2023-12-12 05:00:00,83.18,83.18,83.17,83.17,7885886.0,11924.0,83.18
2023-12-13 05:00:00,83.18,83.19,83.18,83.18,6781752.0,14364.0,83.19
2023-12-14 05:00:00,83.22,83.23,83.22,83.22,13475435.0,20204.0,83.22
2023-12-15 05:00:00,83.24,83.25,83.24,83.25,6917564.0,16037.0,83.24
2023-12-18 05:00:00,83.26,83.26,83.25,83.26,8910931.0,17885.0,83.25
2023-12-19 05:00:00,83.26,83.27,83.26,83.26,6977328.0,15293.0,83.26
2023-12-20 05:00:00,83.27,83.28,83.27,83.27,8098694.0,15409.0,83.28
2023-12-21 05:00:00,83.32,83.33,83.32,83.33,5055220.0,16250.0,83.33
2023-12-22 05:00:00,83.33,83.34,83.33,83.34,7471575.0,13026.0,83.33
2023-12-26 05:00:00,83.36,83.36,83.35,83.36,4638805.0,12471.0,83.35
2023-12-27 05:00:00,83.36,83.36,83.36,83.36,4717657.0,12443.0,83.36
2023-12-28 05:00:00,83.4,83.41,83.4,83.41,5605061.0,12814.0,83.41
2023-12-29 05:00:00,83.42,83.42,83.41,83.41,5588567.0,13643.0,83.41
2024-01-02 05:00:00,83.42,83.43,83.42,83.42,9445457.0,20625.0,83.43
2024-01-03 05:00:00,83.43,83.45,83.43,83.45,6793459.0,15810.0,83.44
2024-01-04 05:00:00,83.47,83.48,83.47,83.47,5840204.0,13029.0,83.48
2024-01-05 05:00:00,83.49,83.49,83.48,83.48,4991770.0,14064.0,83.49
2024-01-08 05:00:00,83.49,83.5,83.49,83.49,4889873.0,16794.0,83.5
2024-01-09 05:00:00,83.51,83.51,83.5,83.5,5080805.0,13933.0,83.51
2024-01-10 05:00:00,83.52,83.53,83.52,83.52,8798589.0,12792.0,83.52
2024-01-11 05:00:00,83.57,83.57,83.57,83.57,5947134.0,14739.0,83.57
2024-01-12 05:00:00,83.57,83.58,83.57,83.58,5049228.0,12464.0,83.58
2024-01-16 05:00:00,83.59,83.6,83.59,83.59,6485231.0,18486.0,83.6
2024-01-17 05:00:00,83.6,83.61,83.6,83.61,5915682.0,16692.0,83.61
2024-01-18 05:00:00,83.64,83.65,83.64,83.65,5270513.0,15022.0,83.64
2024-01-19 05:00:00,83.66,83.66,83.65,83.66,5444552.0,14771.0,83.65
2024-01-22 05:00:00,83.67,83.68,83.67,83.67,6114020.0,14356.0,83.67
2024-01-23 05:00:00,83.68,83.68,83.68,83.68,4961785.0,10495.0,83.68
2024-01-24 05:00:00,83.69,83.69,83.68,83.68,6486095.0,14317.0,83.69
2024-01-25 05:00:00,83.73,83.73,83.72,83.73,6059517.0,13489.0,83.73
2024-01-26 05:00:00,83.74,83.74,83.73,83.74,5612929.0,13412.0,83.74
2024-01-29 05:00:00,83.75,83.76,83.75,83.75,5646110.0,13214.0,83.75
2024-01-30 05:00:00,83.76,83.77,83.76,83.76,30704159.0,20188.0,83.76
2024-01-31 05:00:00,83.77,83.78,83.77,83.77,10964444.0,19391.0,83.77
2024-02-01 05:00:00,83.81,83.82,83.81,83.81,14759198.0,29466.0,83.81
2024-02-02 05:00:00,83.83,83.83,83.82,83.83,8157678.0,20140.0,83.82
2024-02-05 05:00:00,83.84,83.84,83.83,83.83,6923421.0,15735.0,83.83
2024-02-06 05:00:00,83.85,83.85,83.84,83.85,5037906.0,12912.0,83.84
2024-02-07 05:00:00,83.86,83.86,83.85,83.85,8475361.0,14146.0,83.86
2024-02-08 05:00:00,83.9,83.9,83.89,83.89,5406347.0,12622.0,83.89
2024-02-09 05:00:00,83.9,83.91,83.9,83.9,5087015.0,14370.0,83.91
2024-02-12 05:00:00,83.92,83.92,83.91,83.92,7216834.0,12660.0,83.91
2024-02-13 05:00:00,83.92,83.93,83.92,83.92,7655093.0,16421.0,83.92
2024-02-14 05:00:00,83.94,83.95,83.94,83.94,6028047.0,12038.0,83.94
2024-02-15 05:00:00,83.99,83.99,83.98,83.98,4800582.0,12494.0,83.99
2024-02-16 05:00:00,83.99,84.0,83.99,84.0,6052632.0,12425.0,84.0
2024-02-20 05:00:00,84.02,84.02,84.01,84.01,4841054.0,11863.0,84.02
2024-02-21 05:00:00,84.02,84.03,84.02,84.02,5167987.0,17801.0,84.02
2024-02-22 05:00:00,84.06,84.07,84.06,84.07,7474034.0,14258.0,84.06
2024-02-23 05:00:00,84.07,84.07,84.07,84.07,5608617.0,14736.0,84.07
2024-02-26 05:00:00,84.08,84.08,84.07,84.07,4644794.0,15370.0,84.08
2024-02-27 05:00:00,84.09,84.1,84.09,84.09,6027487.0,14018.0,84.1
2024-02-28 05:00:00,84.1,84.11,84.1,84.1,3917619.0,11066.0,84.11
2024-02-29 05:00:00,84.14,84.15,84.14,84.14,13028942.0,22720.0,84.14
2024-03-01 05:00:00,84.15,84.16,84.15,84.16,13095372.0,28175.0,84.16
2024-03-04 05:00:00,84.17,84.17,84.16,84.17,8628321.0,22725.0,84.17
2024-03-05 05:00:00,84.18,84.18,84.17,84.17,10329533.0,17320.0,84.18
2024-03-06 05:00:00,84.2,84.2,84.19,84.19,6751956.0,13577.0,84.19
2024-03-07 05:00:00,84.24,84.24,84.23,84.23,4388642.0,12997.0,84.23
2024-03-08 05:00:00,84.24,84.24,84.24,84.24,4298947.0,13067.0,84.24
2024-03-11 04:00:00,84.25,84.25,84.24,84.24,5117938.0,13224.0,84.25
2024-03-12 04:00:00,84.26,84.27,84.26,84.27,4136599.0,13227.0,84.27
2024-03-13 04:00:00,84.28,84.28,84.27,84.27,4478385.0,12242.0,84.28
2024-03-14 04:00:00,84.31,84.32,84.31,84.31,4602968.0,13642.0,84.31
2024-03-15 04:00:00,84.33,84.33,84.32,84.33,4445587.0,12635.0,84.32
2024-03-18 04:00:00,84.34,84.34,84.33,84.34,5594431.0,14384.0,84.33
2024-03-19 04:00:00,84.35,84.36,84.35,84.36,5681897.0,14312.0,84.35
2024-03-20 04:00:00,84.36,84.36,84.36,84.36,4398241.0,12968.0,84.36
2024-03-21 04:00:00,84.39,84.4,84.39,84.39,7534914.0,14635.0,84.4
2024-03-22 04:00:00,84.4,84.41,84.4,84.4,4686398.0,11712.0,84.41
2024-03-25 04:00:00,84.43,84.43,84.42,84.42,4049959.0,12367.0,84.42
2024-03-26 04:00:00,84.43,84.44,84.43,84.43,4275961.0,12040.0,84.43
2024-03-27 04:00:00,84.47,84.48,84.47,84.48,5350734.0,12525.0,84.48
2024-03-28 04:00:00,84.48,84.49,84.48,84.48,10199202.0,19423.0,84.49
2024-04-01 04:00:00,84.51,84.52,84.51,84.51,14208235.0,25393.0,84.51
2024-04-02 04:00:00,84.52,84.53,84.52,84.53,8902535.0,17473.0,84.52
2024-04-03 04:00:00,84.53,84.53,84.53,84.53,8433880.0,15317.0,84.53
2024-04-04 04:00:00,84.56,84.57,84.56,84.56,6620414.0,15116.0,84.57
2024-04-05 04:00:00,84.58,84.58,84.57,84.58,5463180.0,14112.0,84.58
2024-04-08 04:00:00,84.59,84.6,84.59,84.59,4983819.0,14757.0,84.59
2024-04-09 04:00:00,84.6,84.61,84.6,84.6,5578078.0,15625.0,84.6
2024-04-10 04:00:00,84.61,84.62,84.61,84.62,4799657.0,14970.0,84.61
2024-04-11 04:00:00,84.65,84.65,84.65,84.65,5081524.0,14680.0,84.65
2024-04-12 04:00:00,84.65,84.66,84.65,84.65,7005439.0,16014.0,84.66
2024-04-15 04:00:00,84.66,84.67,84.66,84.67,7376723.0,20455.0,84.67
2024-04-16 04:00:00,84.69,84.69,84.68,84.68,8427001.0,24328.0,84.69
2024-04-17 04:00:00,84.7,84.7,84.69,84.69,10975341.0,18145.0,84.7
2024-04-18 04:00:00,84.73,84.74,84.73,84.74,7379151.0,16108.0,84.73
2024-04-19 04:00:00,84.75,84.75,84.74,84.75,6855085.0,19580.0,84.74
2024-04-22 04:00:00,84.76,84.77,84.76,84.77,6628445.0,15301.0,84.76
2024-04-23 04:00:00,84.77,84.77,84.77,84.77,5991946.0,15997.0,84.77
2024-04-24 04:00:00,84.77,84.78,84.77,84.77,7103529.0,20083.0,84.78
2024-04-25 04:00:00,84.82,84.82,84.81,84.82,5351054.0,18018.0,84.82
2024-04-26 04:00:00,84.83,84.83,84.82,84.82,6842826.0,17670.0,84.83
2024-04-29 04:00:00,84.84,84.85,84.84,84.84,7880036.0,13645.0,84.84
2024-04-30 04:00:00,84.85,84.86,84.85,84.85,13723641.0,22219.0,84.85
2024-05-01 04:00:00,84.87,84.87,84.87,84.87,13814723.0,29358.0,84.87
2024-05-02 04:00:00,84.91,84.91,84.9,84.91,8928181.0,20274.0,84.91
2024-05-03 04:00:00,84.92,84.92,84.91,84.92,7417903.0,18786.0,84.92
2024-05-06 04:00:00,84.93,84.93,84.92,84.92,8050964.0,15022.0,84.92
2024-05-07 04:00:00,84.94,84.94,84.93,84.93,5471718.0,15770.0,84.94
2024-05-08 04:00:00,84.95,84.96,84.95,84.95,4992461.0,15022.0,84.95
2024-05-09 04:00:00,84.99,85.0,84.99,85.0,5300426.0,15577.0,84.99
2024-05-10 04:00:00,85.0,85.0,85.0,85.0,4157590.0,13125.0,85.0
2024-05-13 04:00:00,85.0,85.01,85.0,85.01,4583692.0,13499.0,85.01
2024-05-14 04:00:00,85.03,85.03,85.02,85.02,6834419.0,11750.0,85.03
2024-05-15 04:00:00,85.04,85.04,85.03,85.03,6416111.0,15581.0,85.04
2024-05-16 04:00:00,85.08,85.08,85.07,85.07,8627377.0,15986.0,85.07
2024-05-17 04:00:00,85.09,85.09,85.08,85.08,4260460.0,12743.0,85.08
2024-05-20 04:00:00,85.1,85.11,85.1,85.1,4460536.0,14026.0,85.1
2024-05-21 04:00:00,85.12,85.12,85.11,85.11,3358350.0,11099.0,85.11
2024-05-22 04:00:00,85.12,85.13,85.12,85.12,5629592.0,12819.0,85.12
2024-05-23 04:00:00,85.17,85.18,85.17,85.18,5209963.0,14060.0,85.18
2024-05-24 04:00:00,85.18,85.19,85.18,85.19,4187414.0,13394.0,85.18
2024-05-28 04:00:00,85.18,85.19,85.18,85.18,4940918.0,16961.0,85.19
2024-05-29 04:00:00,85.19,85.2,85.19,85.2,4961205.0,12935.0,85.2
2024-05-30 04:00:00,85.21,85.22,85.21,85.22,5727284.0,14192.0,85.21
2024-05-31 04:00:00,85.24,85.25,85.24,85.24,12454843.0,19771.0,85.24
2024-06-03 04:00:00,85.27,85.27,85.25,85.25,15275151.0,25728.0,85.26
2024-06-04 04:00:00,85.26,85.28,85.26,85.27,8302257.0,16424.0,85.27
2024-06-05 04:00:00,85.29,85.29,85.28,85.28,8099310.0,16362.0,85.28
2024-06-06 04:00:00,85.3,85.3,85.29,85.29,4720806.0,13325.0,85.29
2024-06-07 04:00:00,85.32,85.33,85.32,85.32,5032614.0,13470.0,85.33
2024-06-10 04:00:00,85.33,85.34,85.33,85.34,4095844.0,15323.0,85.34
2024-06-11 04:00:00,85.36,85.36,85.35,85.35,4831680.0,11742.0,85.36
2024-06-12 04:00:00,85.37,85.37,85.36,85.37,6373619.0,15398.0,85.37
2024-06-13 04:00:00,85.39,85.39,85.38,85.38,5132557.0,15178.0,85.38
2024-06-14 04:00:00,85.41,85.43,85.41,85.43,5226529.0,14911.0,85.42
2024-06-17 04:00:00,85.44,85.44,85.43,85.44,5347519.0,15044.0,85.43
2024-06-18 04:00:00,85.45,85.46,85.45,85.46,6273184.0,16083.0,85.45
2024-06-20 04:00:00,85.46,85.47,85.46,85.47,5238822.0,16729.0,85.47
2024-06-21 04:00:00,85.5,85.51,85.5,85.5,5431875.0,14239.0,85.51
2024-06-24 04:00:00,85.52,85.52,85.51,85.52,5280395.0,15095.0,85.52
2024-06-25 04:00:00,85.53,85.54,85.52,85.52,3547887.0,13550.0,85.53
2024-06-26 04:00:00,85.53,85.54,85.53,85.53,4098083.0,17151.0,85.53
2024-06-27 04:00:00,85.55,85.56,85.55,85.55,4487234.0,12740.0,85.55
2024-06-28 04:00:00,85.58,85.59,85.58,85.58,10405262.0,17236.0,85.58
2024-07-01 04:00:00,85.61,85.61,85.6,85.61,11882656.0,30973.0,85.6
2024-07-02 04:00:00,85.62,85.62,85.61,85.62,8228057.0,20951.0,85.61
2024-07-03 04:00:00,85.64,85.64,85.63,85.64,4240077.0,12527.0,85.64
2024-07-05 04:00:00,85.68,85.68,85.67,85.67,4316494.0,16901.0,85.68
2024-07-08 04:00:00,85.68,85.7,85.68,85.69,4748083.0,18858.0,85.69
2024-07-09 04:00:00,85.7,85.71,85.69,85.69,4323263.0,13213.0,85.7
2024-07-10 04:00:00,85.72,85.72,85.7,85.71,4653501.0,15201.0,85.71
2024-07-11 04:00:00,85.72,85.73,85.72,85.72,5960308.0,17103.0,85.72
2024-07-12 04:00:00,85.76,85.77,85.76,85.76,5871959.0,14859.0,85.76
2024-07-15 04:00:00,85.77,85.78,85.77,85.78,6130484.0,20310.0,85.77
2024-07-16 04:00:00,85.78,85.78,85.78,85.78,5457006.0,15428.0,85.78
2024-07-17 04:00:00,85.79,85.8,85.78,85.8,7883424.0,19421.0,85.79
2024-07-18 04:00:00,85.8,85.81,85.79,85.81,5746039.0,16836.0,85.81
2024-07-19 04:00:00,85.85,85.85,85.84,85.84,4604884.0,15220.0,85.85
2024-07-22 04:00:00,85.85,85.86,85.85,85.86,6777721.0,18266.0,85.86
2024-07-23 04:00:00,85.86,85.88,85.86,85.86,8687910.0,13491.0,85.87
2024-07-24 04:00:00,85.89,85.89,85.88,85.89,5548031.0,19304.0,85.88
2024-07-25 04:00:00,85.89,85.9,85.89,85.89,5926523.0,18384.0,85.89
2024-07-26 04:00:00,85.93,85.93,85.92,85.93,4299275.0,14786.0,85.93
2024-07-29 04:00:00,85.94,85.94,85.93,85.93,4097449.0,14664.0,85.94
2024-07-30 04:00:00,85.95,85.95,85.94,85.94,6748041.0,15778.0,85.95
2024-07-31 04:00:00,85.95,85.96,85.95,85.96,12395013.0,22508.0,85.96
2024-08-01 04:00:00,85.97,85.98,85.97,85.98,18244894.0,41865.0,85.98
2024-08-02 04:00:00,86.02,86.03,86.01,86.03,14492034.0,28026.0,86.02
2024-08-05 04:00:00,86.03,86.04,86.03,86.03,21054236.0,26863.0,86.04
2024-08-06 04:00:00,86.04,86.05,86.04,86.05,9774271.0,20764.0,86.04
2024-08-07 04:00:00,86.06,86.07,86.05,86.07,14277119.0,21587.0,86.06
2024-08-08 04:00:00,86.07,86.08,86.07,86.08,6945964.0,18643.0,86.07
2024-08-09 04:00:00,86.1,86.11,86.1,86.1,7714465.0,17790.0,86.1
2024-08-12 04:00:00,86.11,86.12,86.11,86.12,6167053.0,15386.0,86.12
2024-08-13 04:00:00,86.12,86.13,86.12,86.13,7486712.0,17038.0,86.13
2024-08-14 04:00:00,86.13,86.15,86.13,86.14,5103806.0,13478.0,86.14
2024-08-15 04:00:00,86.15,86.16,86.14,86.15,6864965.0,19562.0,86.16
2024-08-16 04:00:00,86.18,86.2,86.18,86.2,8828859.0,15514.0,86.19
2024-08-19 04:00:00,86.21,86.21,86.2,86.2,5960003.0,15840.0,86.2
2024-08-20 04:00:00,86.21,86.22,86.21,86.22,5868897.0,15557.0,86.21
2024-08-21 04:00:00,86.24,86.24,86.23,86.24,4315703.0,13758.0,86.23
2024-08-22 04:00:00,86.24,86.25,86.24,86.24,5643979.0,13486.0,86.24
2024-08-23 04:00:00,86.27,86.28,86.27,86.27,6458023.0,16469.0,86.28
2024-08-26 04:00:00,86.28,86.29,86.28,86.28,6712331.0,15259.0,86.29
2024-08-27 04:00:00,86.3,86.3,86.29,86.3,6549617.0,13931.0,86.3
2024-08-28 04:00:00,86.31,86.31,86.3,86.31,6373558.0,13934.0,86.31
2024-08-29 04:00:00,86.32,86.33,86.31,86.31,4766820.0,13266.0,86.32
2024-08-30 04:00:00,86.36,86.37,86.36,86.36,12422235.0,21615.0,86.36
2024-09-03 04:00:00,86.38,86.39,86.37,86.39,18003278.0,34881.0,86.39
2024-09-04 04:00:00,86.4,86.4,86.39,86.4,6427394.0,23595.0,86.4
2024-09-05 04:00:00,86.41,86.42,86.4,86.41,7293030.0,16440.0,86.41
2024-09-06 04:00:00,86.46,86.46,86.45,86.46,7105225.0,18402.0,86.46
2024-09-09 04:00:00,86.47,86.47,86.46,86.46,5391773.0,21652.0,86.47
2024-09-10 04:00:00,86.47,86.49,86.47,86.49,4815259.0,19427.0,86.48
2024-09-11 04:00:00,86.49,86.5,86.49,86.49,7429469.0,14473.0,86.49
2024-09-12 04:00:00,86.5,86.51,86.5,86.5,5189827.0,14092.0,86.5
2024-09-13 04:00:00,86.54,86.54,86.54,86.54,8183467.0,14904.0,86.54
2024-09-16 04:00:00,86.55,86.56,86.55,86.56,6037391.0,15102.0,86.56
2024-09-17 04:00:00,86.58,86.58,86.57,86.57,9658206.0,14650.0,86.58
2024-09-18 04:00:00,86.58,86.6,86.58,86.59,7621151.0,14155.0,86.59
2024-09-19 04:00:00,86.6,86.61,86.6,86.61,8001060.0,18498.0,86.61
2024-09-20 04:00:00,86.64,86.65,86.64,86.65,6438670.0,14158.0,86.64
2024-09-23 04:00:00,86.66,86.66,86.65,86.66,6998757.0,17203.0,86.65
2024-09-24 04:00:00,86.67,86.68,86.67,86.67,11580222.0,21079.0,86.67
2024-09-25 04:00:00,86.68,86.69,86.68,86.69,5875805.0,12786.0,86.68
2024-09-26 04:00:00,86.69,86.7,86.69,86.69,4937719.0,14582.0,86.69
2024-09-27 04:00:00,86.71,86.72,86.71,86.71,8616730.0,16010.0,86.72
2024-09-30 04:00:00,86.72,86.73,86.72,86.72,11440961.0,22266.0,86.73
2024-10-01 04:00:00,86.74,86.74,86.73,86.74,13695697.0,27778.0,86.74
2024-10-02 04:00:00,86.75,86.75,86.74,86.75,7391816.0,16157.0,86.75
2024-10-03 04:00:00,86.76,86.77,86.76,86.77,5394932.0,14347.0,86.77
2024-10-04 04:00:00,86.8,86.8,86.79,86.79,6248676.0,19604.0,86.8
2024-10-07 04:00:00,86.8,86.81,86.8,86.81,6735471.0,19230.0,86.81
2024-10-08 04:00:00,86.82,86.82,86.81,86.81,5266476.0,16293.0,86.81
2024-10-09 04:00:00,86.82,86.83,86.82,86.82,6200816.0,15867.0,86.82
2024-10-10 04:00:00,86.84,86.84,86.83,86.83,4717768.0,13285.0,86.83
2024-10-11 04:00:00,86.88,86.88,86.86,86.88,6011019.0,14932.0,86.87
2024-10-14 04:00:00,86.88,86.89,86.87,86.87,4174902.0,16747.0,86.87
2024-10-15 04:00:00,86.89,86.9,86.88,86.9,5906416.0,16430.0,86.88
2024-10-16 04:00:00,86.91,86.91,86.9,86.9,5757294.0,17050.0,86.9
2024-10-17 04:00:00,86.91,86.91,86.91,86.91,4395799.0,14223.0,86.91
2024-10-18 04:00:00,86.95,86.95,86.93,86.94,5286810.0,13479.0,86.94
2024-10-21 04:00:00,86.95,86.96,86.94,86.96,5874668.0,17050.0,86.95
2024-10-22 04:00:00,86.97,86.97,86.96,86.97,4191457.0,12697.0,86.97
2024-10-23 04:00:00,86.98,86.98,86.97,86.97,5462296.0,18176.0,86.98
2024-10-24 04:00:00,86.99,86.99,86.98,86.98,4688959.0,13146.0,86.99
2024-10-25 04:00:00,87.01,87.02,87.01,87.02,6048352.0,13360.0,87.02
2024-10-28 04:00:00,87.03,87.03,87.02,87.02,5718610.0,15007.0,87.02
2024-10-29 04:00:00,87.04,87.05,87.03,87.04,4704757.0,13277.0,87.04
2024-10-30 04:00:00,87.05,87.06,87.05,87.05,4965759.0,15471.0,87.05
2024-10-31 04:00:00,87.06,87.07,87.06,87.07,12141684.0,22816.0,87.06
2024-11-01 04:00:00,87.1,87.1,87.09,87.1,15201456.0,32845.0,87.1
2024-11-04 05:00:00,87.12,87.12,87.11,87.12,9477075.0,20297.0,87.12
2024-11-05 05:00:00,87.12,87.13,87.12,87.12,4689473.0,15065.0,87.13
2024-11-06 05:00:00,87.13,87.14,87.13,87.14,9978203.0,21648.0,87.14
2024-11-07 05:00:00,87.14,87.15,87.14,87.15,7827884.0,20557.0,87.15
2024-11-08 05:00:00,87.18,87.2,87.18,87.2,8280947.0,20267.0,87.18
2024-11-11 05:00:00,87.19,87.2,87.19,87.19,8165699.0,20615.0,87.19
2024-11-12 05:00:00,87.2,87.21,87.2,87.2,5526251.0,16552.0,87.2
2024-11-13 05:00:00,87.21,87.22,87.21,87.22,4860484.0,14519.0,87.21
2024-11-14 05:00:00,87.23,87.23,87.22,87.22,6138386.0,15100.0,87.22
2024-11-15 05:00:00,87.26,87.26,87.25,87.25,9715678.0,22526.0,87.25
2024-11-18 05:00:00,87.27,87.27,87.26,87.26,7411016.0,18517.0,87.26
2024-11-19 05:00:00,87.27,87.28,87.27,87.28,7470650.0,16179.0,87.28
2024-11-20 05:00:00,87.28,87.29,87.28,87.29,5529421.0,14211.0,87.29
2024-11-21 05:00:00,87.3,87.3,87.29,87.3,5889666.0,14752.0,87.3
2024-11-22 05:00:00,87.32,87.33,87.32,87.33,6694305.0,17600.0,87.33
2024-11-25 05:00:00,87.33,87.34,87.33,87.34,5107671.0,17142.0,87.34
2024-11-26 05:00:00,87.34,87.35,87.34,87.34,6691983.0,17972.0,87.35
2024-11-27 05:00:00,87.36,87.37,87.36,87.37,6120741.0,14416.0,87.37
2024-11-29 05:00:00,87.39,87.41,87.39,87.39,9410504.0,15653.0,87.39
2024-12-02 05:00:00,87.41,87.41,87.4,87.41,12973949.0,27852.0,87.41
2024-12-03 05:00:00,87.42,87.43,87.42,87.43,5673466.0,17721.0,87.43
2024-12-04 05:00:00,87.45,87.45,87.44,87.44,5963411.0,15942.0,87.44
2024-12-05 05:00:00,87.46,87.46,87.45,87.45,5880194.0,15693.0,87.46
2024-12-06 05:00:00,87.49,87.49,87.48,87.49,5706612.0,18074.0,87.49
2024-12-09 05:00:00,87.5,87.51,87.5,87.5,8793111.0,18751.0,87.5
2024-12-10 05:00:00,87.51,87.52,87.51,87.52,5400294.0,15025.0,87.51
2024-12-11 05:00:00,87.52,87.53,87.52,87.53,5845891.0,15413.0,87.52
2024-12-12 05:00:00,87.54,87.55,87.54,87.55,4770228.0,15371.0,87.54
2024-12-13 05:00:00,87.57,87.57,87.57,87.57,6271898.0,17106.0,87.57
2024-12-16 05:00:00,87.58,87.58,87.57,87.58,6761745.0,18855.0,87.58
2024-12-17 05:00:00,87.59,87.59,87.58,87.59,5827373.0,16801.0,87.59
2024-12-18 05:00:00,87.59,87.6,87.59,87.59,9268213.0,23621.0,87.6
2024-12-19 05:00:00,87.62,87.62,87.61,87.61,13876413.0,26941.0,87.61
2024-12-20 05:00:00,87.63,87.64,87.63,87.64,12689995.0,25641.0,87.64
2024-12-23 05:00:00,87.64,87.65,87.64,87.64,6572846.0,18813.0,87.65
2024-12-24 05:00:00,87.66,87.67,87.66,87.66,4145575.0,11335.0,87.67
2024-12-26 05:00:00,87.68,87.68,87.67,87.68,6209339.0,18229.0,87.68
2024-12-27 05:00:00,87.72,87.72,87.71,87.72,6143543.0,19603.0,87.72
2024-12-30 05:00:00,87.72,87.73,87.72,87.72,8990109.0,23916.0,87.72
2024-12-31 05:00:00,87.75,87.75,87.74,87.74,7301458.0,20493.0,87.75
2025-01-02 05:00:00,87.75,87.76,87.75,87.76,10756930.0,27478.0,87.76
2025-01-03 05:00:00,87.78,87.78,87.77,87.77,7837946.0,22418.0,87.77
2025-01-06 05:00:00,87.78,87.79,87.78,87.78,7827119.0,23561.0,87.78
2025-01-07 05:00:00,87.8,87.81,87.79,87.8,6956798.0,20976.0,87.79
2025-01-08 05:00:00,87.82,87.82,87.81,87.82,6673080.0,19431.0,87.81
2025-01-10 05:00:00,87.86,87.86,87.85,87.85,10112191.0,26665.0,87.85
2025-01-13 05:00:00,87.86,87.87,87.86,87.86,7854368.0,23845.0,87.86
2025-01-14 05:00:00,87.87,87.87,87.87,87.87,6078338.0,18733.0,87.87
2025-01-15 05:00:00,87.88,87.88,87.87,87.88,7253802.0,22745.0,87.88
2025-01-16 05:00:00,87.89,87.89,87.88,87.88,6997772.0,19015.0,87.89
2025-01-17 05:00:00,87.92,87.93,87.92,87.93,7745463.0,22203.0,87.93
2025-01-21 05:00:00,87.93,87.94,87.93,87.93,10266168.0,24268.0,87.94
2025-01-22 05:00:00,87.94,87.95,87.94,87.95,6019215.0,18981.0,87.95
2025-01-23 05:00:00,87.96,87.96,87.95,87.95,6561518.0,16930.0,87.96
2025-01-24 05:00:00,87.99,87.99,87.98,87.99,7242209.0,18031.0,87.99
2025-01-27 05:00:00,87.99,88.0,87.99,88.0,7909563.0,26506.0,88.0
2025-01-28 05:00:00,88.01,88.01,88.0,88.0,6485527.0,22270.0,88.01
2025-01-29 05:00:00,88.02,88.02,88.01,88.01,5688820.0,15696.0,88.02
2025-01-30 05:00:00,88.03,88.03,88.02,88.02,7369880.0,14341.0,88.02
2025-01-31 05:00:00,88.05,88.06,88.05,88.05,13675867.0,24536.0,88.05
2025-02-03 05:00:00,88.07,88.07,88.06,88.07,17503746.0,41369.0,88.07
2025-02-04 05:00:00,88.08,88.08,88.07,88.07,9293449.0,21318.0,88.08
2025-02-05 05:00:00,88.08,88.09,88.08,88.08,6249634.0,18605.0,88.09
2025-02-06 05:00:00,88.1,88.1,88.09,88.1,8308294.0,20090.0,88.1
2025-02-07 05:00:00,88.13,88.13,88.12,88.12,6312517.0,19390.0,88.13
2025-02-10 05:00:00,88.14,88.14,88.13,88.13,5452389.0,28536.0,88.14
2025-02-11 05:00:00,88.14,88.15,88.14,88.14,6959355.0,27793.0,88.14
2025-02-12 05:00:00,88.15,88.16,88.15,88.15,6275670.0,20140.0,88.15
2025-02-13 05:00:00,88.17,88.17,88.16,88.17,6340489.0,21755.0,88.16
2025-02-14 05:00:00,88.2,88.21,88.2,88.2,6058947.0,20701.0,88.2
2025-02-18 05:00:00,88.21,88.22,88.21,88.22,8777164.0,25937.0,88.21
2025-02-19 05:00:00,88.23,88.23,88.22,88.23,5685152.0,16852.0,88.22
2025-02-20 05:00:00,88.24,88.25,88.24,88.25,5454920.0,17449.0,88.24
2025-02-21 05:00:00,88.26,88.27,88.26,88.27,7185895.0,20619.0,88.27
2025-02-24 05:00:00,88.28,88.28,88.27,88.28,9061427.0,24924.0,88.28
2025-02-25 05:00:00,88.29,88.29,88.28,88.28,8348278.0,24938.0,88.29
2025-02-26 05:00:00,88.3,88.3,88.29,88.3,8610608.0,21679.0,88.3
2025-02-27 05:00:00,88.31,88.31,88.3,88.31,6620550.0,19123.0,88.31
2025-02-28 05:00:00,88.33,88.34,88.33,88.33,13721503.0,26421.0,88.34
2025-03-03 05:00:00,88.35,88.35,88.34,88.35,17874415.0,38934.0,88.35
2025-03-04 05:00:00,88.36,88.36,88.35,88.35,12187385.0,31596.0,88.36
2025-03-05 05:00:00,88.36,88.37,88.36,88.36,11850807.0,24803.0,88.37
2025-03-06 05:00:00,88.38,88.38,88.37,88.37,10301673.0,25414.0,88.38
2025-03-07 05:00:00,88.4,88.41,88.4,88.41,10375693.0,39245.0,88.41
2025-03-10 04:00:00,88.41,88.42,88.41,88.42,29758961.0,61820.0,88.42
2025-03-11 04:00:00,88.42,88.43,88.42,88.43,19162992.0,63288.0,88.43
2025-03-12 04:00:00,88.44,88.44,88.43,88.44,20095782.0,49106.0,88.44
2025-03-13 04:00:00,88.44,88.46,88.44,88.46,14549104.0,41934.0,88.45
2025-03-14 04:00:00,88.48,88.49,88.48,88.48,15908978.0,47877.0,88.48
2025-03-17 04:00:00,88.5,88.5,88.49,88.5,9386370.0,31329.0,88.49
2025-03-18 04:00:00,88.5,88.51,88.5,88.5,8773134.0,18948.0,88.5
2025-03-19 04:00:00,88.51,88.52,88.51,88.51,8833157.0,20014.0,88.51
2025-03-20 04:00:00,88.52,88.52,88.52,88.52,8490976.0,20766.0,88.52
2025-03-21 04:00:00,88.55,88.55,88.54,88.55,6544310.0,19910.0,88.55
2025-03-24 04:00:00,88.56,88.56,88.55,88.55,8056300.0,22102.0,88.56
2025-03-25 04:00:00,88.56,88.57,88.56,88.56,18837101.0,24697.0,88.57
2025-03-26 04:00:00,88.58,88.58,88.57,88.57,7207499.0,18693.0,88.58
2025-03-27 04:00:00,88.58,88.59,88.58,88.59,8399330.0,38521.0,88.59
2025-03-28 04:00:00,88.61,88.62,88.61,88.62,10052245.0,34394.0,88.62
2025-03-31 04:00:00,88.62,88.63,88.62,88.62,22045840.0,45451.0,88.63
2025-04-01 04:00:00,88.64,88.64,88.63,88.64,19110156.0,30672.0,88.64
2025-04-02 04:00:00,88.64,88.65,88.64,88.65,9035476.0,22805.0,88.65
2025-04-03 04:00:00,88.66,88.66,88.65,88.66,24029524.0,33214.0,88.66
2025-04-04 04:00:00,88.69,88.7,88.68,88.69,33920185.0,41751.0,88.69
2025-04-07 04:00:00,88.71,88.71,88.69,88.7,37205967.0,40580.0,88.71
2025-04-08 04:00:00,88.7,88.73,88.7,88.72,21800865.0,39336.0,88.71
2025-04-09 04:00:00,88.71,88.72,88.71,88.72,22907015.0,33241.0,88.72
2025-04-10 04:00:00,88.72,88.73,88.72,88.73,23678142.0,28759.0,88.72
2025-04-11 04:00:00,88.76,88.77,88.75,88.77,34807587.0,26657.0,88.76
2025-04-14 04:00:00,88.77,88.77,88.76,88.77,18027069.0,25328.0,88.77
2025-04-15 04:00:00,88.78,88.79,88.77,88.79,10082103.0,31943.0,88.78
2025-04-16 04:00:00,88.79,88.8,88.79,88.8,12016201.0,21801.0,88.79
2025-04-17 04:00:00,88.84,88.85,88.83,88.84,8243801.0,18500.0,88.83
2025-04-21 04:00:00,88.84,88.85,88.84,88.85,10032163.0,24057.0,88.84
2025-04-22 04:00:00,88.85,88.86,88.85,88.85,9201231.0,20277.0,88.85
2025-04-23 04:00:00,88.87,88.87,88.86,88.87,8478518.0,19916.0,88.86
2025-04-24 04:00:00,88.87,88.87,88.87,88.87,20381674.0,25829.0,88.87
2025-04-25 04:00:00,88.89,88.9,88.89,88.9,11894109.0,22915.0,88.9
2025-04-28 04:00:00,88.9,88.91,88.9,88.91,9934414.0,49481.0,88.91
2025-04-29 04:00:00,88.91,88.92,88.91,88.91,19478867.0,31171.0,88.92
2025-04-30 04:00:00,88.92,88.93,88.92,88.92,17498419.0,31478.0,88.93
2025-05-01 04:00:00,88.94,88.94,88.93,88.94,15747591.0,30031.0,88.94
2025-05-02 04:00:00,88.96,88.97,88.96,88.97,14267358.0,23400.0,88.97
2025-05-05 04:00:00,88.98,88.98,88.97,88.97,26580773.0,20857.0,88.98
2025-05-06 04:00:00,88.98,88.99,88.98,88.99,8429264.0,22382.0,88.99
2025-05-07 04:00:00,88.99,89.0,88.99,88.99,6226615.0,19047.0,89.0
2025-05-08 04:00:00,89.0,89.01,89.0,89.01,9354591.0,21160.0,89.01
2025-05-09 04:00:00,89.04,89.04,89.03,89.04,9062438.0,18356.0,89.04
2025-05-12 04:00:00,89.04,89.05,89.04,89.04,14491950.0,28518.0,89.05
2025-05-13 04:00:00,89.06,89.06,89.05,89.06,23455708.0,29081.0,89.05
2025-05-14 04:00:00,89.06,89.07,89.06,89.06,9141920.0,20751.0,89.06
2025-05-15 04:00:00,89.08,89.08,89.07,89.07,6657063.0,18279.0,89.08
2025-05-16 04:00:00,89.11,89.11,89.1,89.11,8755973.0,22353.0,89.1
2025-05-19 04:00:00,89.11,89.12,89.11,89.11,7618150.0,22268.0,89.11
2025-05-20 04:00:00,89.12,89.13,89.12,89.13,7925405.0,23261.0,89.13
2025-05-21 04:00:00,89.14,89.15,89.14,89.14,12007364.0,24143.0,89.14
2025-05-22 04:00:00,89.15,89.16,89.15,89.16,7876470.0,24749.0,89.15
2025-05-23 04:00:00,89.19,89.2,89.19,89.2,14805890.0,23439.0,89.19
2025-05-27 04:00:00,89.2,89.21,89.2,89.2,8996482.0,28645.0,89.2
2025-05-28 04:00:00,89.21,89.22,89.21,89.21,9887592.0,57531.0,89.21
2025-05-29 04:00:00,89.22,89.23,89.22,89.22,7530202.0,24127.0,89.22
2025-05-30 04:00:00,89.25,89.26,89.25,89.25,19202143.0,24717.0,89.25
2025-06-02 04:00:00,89.27,89.27,89.26,89.26,17013885.0,53442.0,89.27
2025-06-03 04:00:00,89.27,89.28,89.27,89.28,8454734.0,30242.0,89.28
2025-06-04 04:00:00,89.28,89.29,89.28,89.28,14872205.0,31837.0,89.29
2025-06-05 04:00:00,89.29,89.3,89.29,89.29,7863576.0,26942.0,89.29
2025-06-06 04:00:00,89.32,89.33,89.32,89.32,7582061.0,23766.0,89.32
2025-06-09 04:00:00,89.33,89.34,89.33,89.34,8127967.0,25618.0,89.33
2025-06-10 04:00:00,89.34,89.35,89.34,89.35,9514613.0,26470.0,89.34
2025-06-11 04:00:00,89.35,89.36,89.35,89.35,7435673.0,23431.0,89.35
2025-06-12 04:00:00,89.36,89.37,89.36,89.36,5315909.0,18670.0,89.36
2025-06-13 04:00:00,89.39,89.4,89.39,89.4,6221318.0,18545.0,89.39
2025-06-16 04:00:00,89.41,89.41,89.4,89.4,8456926.0,21867.0,89.4
2025-06-17 04:00:00,89.41,89.42,89.41,89.42,5518281.0,20152.0,89.41
2025-06-18 04:00:00,89.43,89.44,89.43,89.44,5063812.0,16151.0,89.43
2025-06-20 04:00:00,89.46,89.47,89.46,89.46,6516931.0,19486.0,89.46
2025-06-23 04:00:00,89.47,89.48,89.47,89.48,6474150.0,20316.0,89.47
2025-06-24 04:00:00,89.48,89.49,89.48,89.48,16266628.0,22075.0,89.48
2025-06-25 04:00:00,89.5,89.5,89.49,89.49,7119547.0,22522.0,89.49
2025-06-26 04:00:00,89.5,89.51,89.5,89.5,7976074.0,19043.0,89.5
2025-06-27 04:00:00,89.54,89.54,89.54,89.54,6878897.0,20498.0,89.54
2025-06-30 04:00:00,89.55,89.55,89.54,89.54,16763414.0,32212.0,89.55
2025-07-01 04:00:00,89.56,89.56,89.55,89.56,18374221.0,34941.0,89.56
2025-07-02 04:00:00,89.57,89.57,89.56,89.57,6569183.0,27997.0,89.57
2025-07-03 04:00:00,89.61,89.63,89.61,89.62,4860755.0,16827.0,89.61
2025-07-07 04:00:00,89.62,89.63,89.62,89.63,11518445.0,25767.0,89.63
2025-07-08 04:00:00,89.63,89.64,89.63,89.63,10532382.0,22926.0,89.63
2025-07-09 04:00:00,89.64,89.65,89.64,89.64,10322884.0,21362.0,89.64
2025-07-10 04:00:00,89.65,89.66,89.65,89.66,9514439.0,23054.0,89.65
2025-07-11 04:00:00,89.68,89.69,89.68,89.68,5713912.0,20580.0,89.68
2025-07-14 04:00:00,89.7,89.7,89.69,89.69,6587124.0,22332.0,89.69
2025-07-15 04:00:00,89.7,89.71,89.7,89.7,6166514.0,19825.0,89.7
2025-07-16 04:00:00,89.71,89.72,89.71,89.72,6745178.0,17363.0,89.71
2025-07-17 04:00:00,89.73,89.73,89.72,89.72,6559948.0,18432.0,89.72
2025-07-18 04:00:00,89.75,89.77,89.75,89.76,6681363.0,18429.0,89.75
2025-07-21 04:00:00,89.77,89.78,89.77,89.78,6678707.0,18167.0,89.77
2025-07-22 04:00:00,89.79,89.79,89.78,89.79,4792133.0,16081.0,89.78
2025-07-23 04:00:00,89.79,89.8,89.79,89.8,6437313.0,20618.0,89.79
2025-07-24 04:00:00,89.8,89.81,89.8,89.8,4807687.0,17621.0,89.8
2025-07-25 04:00:00,89.83,89.84,89.83,89.83,5153871.0,16804.0,89.83
2025-07-28 04:00:00,89.84,89.84,89.84,89.84,6305339.0,18189.0,89.84
2025-07-29 04:00:00,89.84,89.85,89.84,89.84,7664348.0,18308.0,89.85
2025-07-30 04:00:00,89.85,89.86,89.85,89.85,6895082.0,18710.0,89.86
2025-07-31 04:00:00,89.86,89.87,89.86,89.86,11795120.0,26564.0,89.87
2025-08-01 04:00:00,89.9,89.9,89.89,89.9,20144832.0,42905.0,89.9
2025-08-04 04:00:00,89.91,89.91,89.9,89.91,20328030.0,23633.0,89.91
2025-08-05 04:00:00,89.92,89.92,89.91,89.91,8588430.0,18318.0,89.92
2025-08-06 04:00:00,89.93,89.94,89.92,89.94,7208805.0,21634.0,89.93
2025-08-07 04:00:00,89.94,89.95,89.94,89.94,7157927.0,18635.0,89.95
2025-08-08 04:00:00,89.98,89.98,89.97,89.97,6243476.0,17865.0,89.98
2025-08-11 04:00:00,89.98,89.99,89.98,89.98,8361380.0,18919.0,89.99
2025-08-12 04:00:00,89.99,90.0,89.99,89.99,6601652.0,19933.0,90.0
2025-08-13 04:00:00,90.0,90.01,90.0,90.0,6791520.0,17729.0,90.01
2025-08-14 04:00:00,90.02,90.02,90.01,90.01,6475803.0,19020.0,90.02
2025-08-15 04:00:00,90.05,90.05,90.04,90.05,5354597.0,18823.0,90.05
2025-08-18 04:00:00,90.05,90.06,90.05,90.05,15606181.0,19687.0,90.05
2025-08-19 04:00:00,90.07,90.07,90.06,90.07,11862669.0,22773.0,90.07
2025-08-20 04:00:00,90.08,90.09,90.08,90.09,6916013.0,20243.0,90.08
2025-08-21 04:00:00,90.09,90.1,90.09,90.09,4655992.0,15995.0,90.09
2025-08-22 04:00:00,90.13,90.13,90.12,90.12,7468111.0,20712.0,90.12
2025-08-25 04:00:00,90.13,90.14,90.13,90.13,7319848.0,21763.0,90.13
2025-08-26 04:00:00,90.15,90.15,90.14,90.14,8729619.0,19321.0,90.14
2025-08-27 04:00:00,90.15,90.16,90.15,90.15,4919409.0,14093.0,90.15
2025-08-28 04:00:00,90.16,90.17,90.16,90.16,5490307.0,17756.0,90.16
2025-08-29 04:00:00,90.2,90.21,90.2,90.2,11546491.0,22781.0,90.2
2025-09-02 04:00:00,90.22,90.22,90.21,90.22,13477101.0,34309.0,90.22
2025-09-03 04:00:00,90.23,90.23,90.22,90.23,7040690.0,21272.0,90.23
2025-09-04 04:00:00,90.24,90.25,90.23,90.25,9180575.0,21115.0,90.24
2025-09-05 04:00:00,90.27,90.28,90.27,90.28,10222945.0,24143.0,90.27
2025-09-08 04:00:00,90.29,90.3,90.29,90.29,9201216.0,24869.0,90.29
2025-09-09 04:00:00,90.3,90.3,90.29,90.3,8740752.0,22333.0,90.3
2025-09-10 04:00:00,90.3,90.31,90.3,90.31,9027224.0,23824.0,90.3
2025-09-11 04:00:00,90.31,90.32,90.31,90.32,9714271.0,25368.0,90.31
2025-09-12 04:00:00,90.34,90.35,90.34,90.35,7154204.0,20391.0,90.34
2025-09-15 04:00:00,90.35,90.36,90.35,90.36,8876159.0,25755.0,90.35
2025-09-16 04:00:00,90.37,90.38,90.37,90.37,7036433.0,22293.0,90.37
2025-09-17 04:00:00,90.38,90.39,90.38,90.38,5395879.0,20058.0,90.38
2025-09-18 04:00:00,90.39,90.4,90.39,90.39,6032912.0,20206.0,90.39
2025-09-19 04:00:00,90.43,90.43,90.42,90.43,6689775.0,23436.0,90.42
2025-09-22 04:00:00,90.43,90.44,90.43,90.44,6255236.0,23955.0,90.43
2025-09-23 04:00:00,90.44,90.45,90.44,90.44,7854733.0,21191.0,90.44
2025-09-24 04:00:00,90.45,90.46,90.45,90.46,6711459.0,17870.0,90.45
2025-09-25 04:00:00,90.46,90.47,90.46,90.46,11455135.0,27488.0,90.46
2025-09-26 04:00:00,90.49,90.49,90.48,90.49,7888818.0,23876.0,90.48
2025-09-29 04:00:00,90.49,90.5,90.49,90.5,6928540.0,19825.0,90.49
2025-09-30 04:00:00,90.5,90.51,90.5,90.5,14165796.0,24060.0,90.5
2025-10-01 04:00:00,90.52,90.52,90.51,90.52,15501352.0,33181.0,90.51
2025-10-02 04:00:00,90.53,90.53,90.52,90.53,7225201.0,24559.0,90.52
2025-10-03 04:00:00,90.56,90.56,90.55,90.55,6177597.0,20501.0,90.55
2025-10-06 04:00:00,90.57,90.57,90.56,90.57,7041180.0,24355.0,90.56
2025-10-07 04:00:00,90.57,90.58,90.57,90.57,7071890.0,22273.0,90.57
2025-10-08 04:00:00,90.59,90.59,90.58,90.59,7236340.0,22141.0,90.58
2025-10-09 04:00:00,90.59,90.6,90.59,90.59,9389837.0,19368.0,90.59
2025-10-10 04:00:00,90.61,90.62,90.61,90.62,14647983.0,38297.0,90.62
2025-10-13 04:00:00,90.62,90.63,90.61,90.63,13286035.0,40519.0,90.62
2025-10-14 04:00:00,90.64,90.64,90.63,90.63,8281841.0,31306.0,90.64
2025-10-15 04:00:00,90.65,90.65,90.64,90.64,11747891.0,23813.0,90.65
2025-10-16 04:00:00,90.65,90.65,90.64,90.65,7811843.0,23588.0,90.65
2025-10-17 04:00:00,90.68,90.68,90.67,90.67,10183451.0,23438.0,90.68
2025-10-20 04:00:00,90.69,90.69,90.68,90.69,8215427.0,20077.0,90.69
2025-10-21 04:00:00,90.7,90.7,90.69,90.69,6989295.0,25079.0,90.7
2025-10-22 04:00:00,90.71,90.71,90.7,90.71,13191440.0,37712.0,90.71
2025-10-23 04:00:00,90.71,90.72,90.71,90.72,7399494.0,19662.0,90.72
2025-10-24 04:00:00,90.75,90.75,90.74,90.75,8743117.0,21873.0,90.75
2025-10-27 04:00:00,90.75,90.76,90.75,90.75,11472440.0,24830.0,90.76
2025-10-28 04:00:00,90.77,90.77,90.76,90.76,13039430.0,63380.0,90.77
2025-10-29 04:00:00,90.77,90.79,90.77,90.79,13416272.0,24229.0,90.78
2025-10-30 04:00:00,90.79,90.8,90.79,90.79,7897153.0,22045.0,90.8
2025-10-31 04:00:00,90.81,90.82,90.81,90.81,14371020.0,31039.0,90.82
2025-11-03 05:00:00,90.83,90.83,90.83,90.83,17922825.0,83728.0,90.83
2025-11-04 05:00:00,90.84,90.84,90.83,90.84,12162133.0,34621.0,90.83
2025-11-05 05:00:00,90.86,90.86,90.84,90.85,7973159.0,23647.0,90.85
2025-11-06 05:00:00,90.86,90.87,90.86,90.86,15915822.0,26159.0,90.86
2025-11-07 05:00:00,90.89,90.9,90.89,90.89,11524997.0,26692.0,90.89
2025-11-10 05:00:00,90.91,90.91,90.9,90.91,13043674.0,32516.0,90.9
2025-11-11 05:00:00,90.91,90.91,90.9,90.9,6181174.0,24266.0,90.9
2025-11-12 05:00:00,90.91,90.92,90.91,90.91,6371181.0,19983.0,90.91
2025-11-13 05:00:00,90.92,90.93,90.92,90.92,6625925.0,22796.0,90.92
2025-11-14 05:00:00,90.96,90.96,90.95,90.96,10192246.0,22051.0,90.95
2025-11-17 05:00:00,90.96,90.96,90.96,90.96,9766975.0,25644.0,90.96
2025-11-18 05:00:00,90.97,90.97,90.96,90.97,9642597.0,31405.0,90.97
2025-11-19 05:00:00,90.98,90.98,90.97,90.97,6206233.0,18771.0,90.98
2025-11-20 05:00:00,90.98,90.99,90.97,90.99,10933880.0,39043.0,90.99
2025-11-21 05:00:00,91.01,91.01,91.01,91.01,9431841.0,25171.0,91.01
2025-11-24 05:00:00,91.01,91.02,91.01,91.01,7347137.0,24341.0,91.02
2025-11-25 05:00:00,91.03,91.03,91.02,91.03,8992406.0,19339.0,91.03
2025-11-26 05:00:00,91.05,91.05,91.04,91.04,6749472.0,27148.0,91.05
2025-11-28 05:00:00,91.07,91.08,91.07,91.07,10775168.0,29324.0,91.08
2025-12-01 05:00:00,91.1,91.1,91.09,91.09,16856813.0,30883.0,91.09
2025-12-02 05:00:00,91.11,91.12,91.1,91.12,7403391.0,22502.0,91.11
2025-12-03 05:00:00,91.12,91.13,91.12,91.13,6530873.0,22233.0,91.12
2025-12-04 05:00:00,91.14,91.15,91.14,91.14,7236673.0,20322.0,91.14
2025-12-05 05:00:00,91.16,91.16,91.16,91.16,7308351.0,21547.0,91.16
2025-12-08 05:00:00,91.16,91.17,91.16,91.16,7578991.0,24633.0,91.17
2025-12-09 05:00:00,91.18,91.18,91.17,91.18,9285593.0,18456.0,91.18
2025-12-10 05:00:00,91.18,91.19,91.18,91.18,6974239.0,19648.0,91.19
2025-12-11 05:00:00,91.19,91.2,91.19,91.19,7144470.0,21985.0,91.2
2025-12-12 05:00:00,91.23,91.23,91.22,91.23,6040672.0,22318.0,91.23
2025-12-15 05:00:00,91.23,91.24,91.23,91.23,6058074.0,20130.0,91.24
2025-12-16 05:00:00,91.24,91.25,91.24,91.24,7212176.0,26890.0,91.25
2025-12-17 05:00:00,91.25,91.26,91.25,91.25,9641151.0,28404.0,91.25
2025-12-18 05:00:00,91.27,91.27,91.26,91.27,10277304.0,27520.0,91.266442
2025-12-19 05:00:00,91.29,91.3,91.29,91.3,7581829.0,19780.0,91.2949
2025-12-22 05:00:00,91.3,91.31,91.3,91.3,11026869.0,20614.0,91.300405
2025-12-23 05:00:00,91.31,91.31,91.3,91.3,7111246.0,19008.0,91.309945
2025-12-24 05:00:00,91.33,91.33,91.32,91.33,5073527.0,16876.0,91.327623
2025-12-26 05:00:00,91.35,91.36,91.35,91.36,5588851.0,20214.0,91.354755
2025-12-29 05:00:00,91.36,91.37,91.36,91.36,7988908.0,21511.0,91.363761
2025-12-30 05:00:00,91.37,91.38,91.37,91.37,7852902.0,22524.0,91.373083
2025-12-31 05:00:00,91.39,91.39,91.38,91.38,11225947.0,24720.0,91.388291
