timestamp,open,high,low,close,volume,trade_count,vwap
2020-01-02 05:00:00,22.02,22.17,21.99,22.16,694350.0,872.0,22.08
2020-01-03 05:00:00,21.93,22.09,21.1,21.99,382390.0,610.0,22.04
2020-01-06 05:00:00,21.82,22.09,21.82,22.09,206530.0,395.0,22.03
2020-01-07 05:00:00,22.08,22.08,21.99,21.99,237880.0,281.0,22.03
2020-01-08 05:00:00,22.0,22.24,22.0,22.14,297750.0,417.0,22.17
2020-01-09 05:00:00,22.31,22.32,22.24,22.32,510230.0,388.0,22.3
2020-01-10 05:00:00,22.39,22.39,22.23,22.26,225020.0,315.0,22.32
2020-01-13 05:00:00,22.34,22.41,22.29,22.41,78630.0,209.0,22.36
2020-01-14 05:00:00,22.42,22.44,22.34,22.35,222340.0,353.0,22.4
2020-01-15 05:00:00,22.35,22.47,22.34,22.41,263090.0,526.0,22.41
2020-01-16 05:00:00,22.54,22.6,22.51,22.6,204820.0,298.0,22.55
2020-01-17 05:00:00,22.68,22.69,22.6,22.67,200930.0,262.0,22.63
2020-01-21 05:00:00,22.63,22.72,22.63,22.65,188300.0,339.0,22.67
2020-01-22 05:00:00,22.74,22.76,22.69,22.69,184410.0,332.0,22.72
2020-01-23 05:00:00,22.63,22.7,22.58,22.7,184580.0,332.0,22.66
2020-01-24 05:00:00,22.77,22.77,22.45,22.51,255860.0,690.0,22.58
2020-01-27 05:00:00,22.06,22.26,22.06,22.16,388430.0,599.0,22.18
2020-01-28 05:00:00,22.26,22.45,22.26,22.4,404610.0,255.0,22.42
2020-01-29 05:00:00,22.54,22.57,22.43,22.44,615070.0,645.0,22.51
2020-01-30 05:00:00,22.32,22.54,22.26,22.54,426950.0,588.0,22.36
2020-01-31 05:00:00,22.55,22.55,22.1,22.17,586130.0,607.0,22.31
2020-02-03 05:00:00,22.29,22.47,22.29,22.36,460380.0,489.0,22.36
2020-02-04 05:00:00,22.61,22.75,22.58,22.71,209920.0,332.0,22.7
2020-02-05 05:00:00,22.97,22.97,22.79,22.93,319220.0,403.0,22.88
2020-02-06 05:00:00,23.02,23.07,22.95,23.06,170180.0,326.0,23.03
2020-02-07 05:00:00,22.99,23.1,22.94,23.0,354320.0,530.0,23.04
2020-02-10 05:00:00,22.92,23.2,22.88,23.2,721780.0,658.0,23.12
2020-02-11 05:00:00,23.32,23.32,23.11,23.14,231910.0,322.0,23.22
2020-02-12 05:00:00,23.26,23.28,23.2,23.28,175600.0,280.0,23.24
2020-02-13 05:00:00,23.14,23.29,23.14,23.23,157590.0,253.0,23.23
2020-02-14 05:00:00,23.25,23.25,23.16,23.24,131980.0,314.0,23.2
2020-02-18 05:00:00,23.15,23.22,23.08,23.18,157770.0,345.0,23.16
2020-02-19 05:00:00,23.28,23.36,23.26,23.32,390490.0,404.0,23.34
2020-02-20 05:00:00,23.26,23.31,23.0,23.19,243550.0,426.0,23.17
2020-02-21 05:00:00,23.09,23.09,22.81,22.88,708940.0,721.0,22.88
2020-02-24 05:00:00,22.06,22.34,21.97,22.07,844340.0,1260.0,22.14
2020-02-25 05:00:00,22.2,22.24,21.39,21.47,975230.0,1893.0,21.73
2020-02-26 05:00:00,21.52,21.84,21.35,21.45,785560.0,1514.0,21.55
2020-02-27 05:00:00,20.91,21.26,20.41,20.41,2121600.0,2399.0,20.95
2020-02-28 05:00:00,19.72,20.37,19.57,20.35,1292250.0,1772.0,19.84
2020-03-02 05:00:00,20.59,21.38,20.33,21.38,1784240.0,1251.0,20.64
2020-03-03 05:00:00,21.47,21.68,20.51,20.69,1225510.0,1562.0,21.08
2020-03-04 05:00:00,21.14,21.54,20.92,21.54,348120.0,780.0,21.2
2020-03-05 05:00:00,21.04,21.26,20.7,20.85,422630.0,707.0,20.96
2020-03-06 05:00:00,20.25,20.57,20.05,20.53,493360.0,1014.0,20.31
2020-03-09 04:00:00,19.13,19.73,17.36,19.08,1336140.0,1960.0,19.22
2020-03-10 04:00:00,19.83,20.09,19.14,20.09,818290.0,1184.0,19.51
2020-03-11 04:00:00,19.61,19.68,18.97,19.2,1133190.0,2349.0,19.31
2020-03-12 04:00:00,17.84,19.03,17.34,17.4,1468300.0,1597.0,17.95
2020-03-13 04:00:00,18.43,19.24,17.71,19.24,900110.0,816.0,18.15
2020-03-16 04:00:00,17.01,18.16,16.48,17.45,1128640.0,1164.0,17.56
2020-03-17 04:00:00,17.46,18.2,16.98,18.06,540620.0,1070.0,17.74
2020-03-18 04:00:00,17.06,17.64,16.55,17.5,780150.0,847.0,17.07
2020-03-19 04:00:00,17.23,17.88,16.82,17.36,636020.0,694.0,17.42
2020-03-20 04:00:00,17.57,17.62,16.55,16.57,1109660.0,1291.0,17.18
2020-03-23 04:00:00,16.48,16.67,15.88,16.21,1445230.0,1547.0,16.29
2020-03-24 04:00:00,17.15,17.62,17.02,17.61,693110.0,968.0,17.32
2020-03-25 04:00:00,17.71,18.32,17.32,17.66,1898250.0,2352.0,17.97
2020-03-26 04:00:00,17.81,18.73,17.81,18.66,1104350.0,1367.0,18.36
2020-03-27 04:00:00,18.16,18.5,17.95,18.01,836300.0,1026.0,18.15
2020-03-30 04:00:00,18.2,18.73,18.17,18.7,632660.0,775.0,18.51
2020-03-31 04:00:00,18.69,18.9,18.37,18.43,554060.0,620.0,18.63
2020-04-01 04:00:00,17.88,18.12,17.61,17.73,666820.0,981.0,17.86
2020-04-02 04:00:00,17.67,18.2,17.64,18.18,772130.0,946.0,18.02
2020-04-03 04:00:00,18.1,18.25,17.73,17.91,318720.0,463.0,17.97
2020-04-06 04:00:00,18.62,19.22,18.48,19.11,577050.0,749.0,18.8
2020-04-07 04:00:00,19.79,19.79,19.03,19.05,1431420.0,1122.0,19.4
2020-04-08 04:00:00,19.27,19.64,19.08,19.54,1159300.0,1077.0,19.39
2020-04-09 04:00:00,19.82,19.89,19.59,19.75,3558090.0,1043.0,19.74
2020-04-13 04:00:00,19.72,19.79,19.4,19.74,945190.0,983.0,19.63
2020-04-14 04:00:00,20.11,20.44,20.03,20.39,2534090.0,1386.0,20.33
2020-04-15 04:00:00,20.05,20.23,19.92,20.09,818610.0,784.0,20.05
2020-04-16 04:00:00,20.27,20.28,19.99,20.26,596430.0,761.0,20.16
2020-04-17 04:00:00,20.6,20.63,20.33,20.61,512520.0,539.0,20.47
2020-04-20 04:00:00,20.37,20.61,20.32,20.34,813970.0,642.0,20.52
2020-04-21 04:00:00,20.06,20.06,19.6,19.7,518050.0,680.0,19.78
2020-04-22 04:00:00,20.05,20.25,19.99,20.13,537790.0,636.0,20.12
2020-04-23 04:00:00,20.25,20.47,20.13,20.15,705740.0,816.0,20.31
2020-04-24 04:00:00,20.23,20.43,20.13,20.42,705770.0,538.0,20.28
2020-04-27 04:00:00,20.58,20.66,20.54,20.61,348380.0,405.0,20.61
2020-04-28 04:00:00,20.84,20.84,20.34,20.34,570890.0,856.0,20.53
2020-04-29 04:00:00,20.82,21.07,20.71,20.95,555610.0,645.0,20.92
2020-04-30 04:00:00,20.94,20.99,20.77,20.93,555880.0,611.0,20.86
2020-05-01 04:00:00,20.6,20.72,20.34,20.42,609260.0,802.0,20.48
2020-05-04 04:00:00,20.29,20.52,20.21,20.52,227730.0,380.0,20.38
2020-05-05 04:00:00,20.72,20.9,20.68,20.69,1256220.0,450.0,20.83
2020-05-06 04:00:00,20.84,20.85,20.64,20.65,597460.0,733.0,20.77
2020-05-07 04:00:00,20.9,20.94,20.79,20.84,229920.0,373.0,20.87
2020-05-08 04:00:00,21.06,21.14,20.97,21.13,562910.0,345.0,21.09
2020-05-11 04:00:00,21.01,21.31,21.0,21.22,556340.0,709.0,21.16
2020-05-12 04:00:00,21.33,21.33,20.86,20.89,1268420.0,550.0,21.16
2020-05-13 04:00:00,20.85,20.87,20.33,20.53,497080.0,685.0,20.57
2020-05-14 04:00:00,20.36,20.74,20.26,20.74,423730.0,552.0,20.44
2020-05-15 04:00:00,20.59,20.85,20.5,20.85,355710.0,481.0,20.68
2020-05-18 04:00:00,21.3,21.42,21.18,21.33,874310.0,659.0,21.34
2020-05-19 04:00:00,21.31,21.39,21.16,21.16,360540.0,509.0,21.33
2020-05-20 04:00:00,21.41,21.54,21.41,21.53,496760.0,553.0,21.48
2020-05-21 04:00:00,21.54,21.6,21.32,21.36,541420.0,574.0,21.41
2020-05-22 04:00:00,21.32,21.39,21.25,21.38,222680.0,361.0,21.32
2020-05-26 04:00:00,21.86,21.9,21.5,21.52,2467790.0,2433.0,21.66
2020-05-27 04:00:00,21.72,21.72,21.28,21.71,520670.0,568.0,21.5
2020-05-28 04:00:00,21.75,21.93,21.64,21.66,429780.0,478.0,21.82
2020-05-29 04:00:00,21.7,21.82,21.45,21.74,1117830.0,639.0,21.63
2020-06-01 04:00:00,21.74,21.83,21.68,21.81,610580.0,766.0,21.77
2020-06-02 04:00:00,21.91,21.97,21.75,21.97,640810.0,548.0,21.84
2020-06-03 04:00:00,22.07,22.22,22.03,22.15,1814510.0,745.0,22.09
2020-06-04 04:00:00,22.07,22.2,21.95,22.04,269550.0,396.0,22.08
2020-06-05 04:00:00,22.36,22.63,22.32,22.58,305050.0,428.0,22.53
2020-06-08 04:00:00,22.61,22.8,22.53,22.8,777990.0,566.0,22.66
2020-06-09 04:00:00,22.65,22.92,22.65,22.81,273510.0,460.0,22.81
2020-06-10 04:00:00,22.93,23.05,22.79,22.89,485500.0,586.0,22.9
2020-06-11 04:00:00,22.37,22.46,21.59,21.6,865990.0,1023.0,21.95
2020-06-12 04:00:00,22.17,22.18,21.47,21.84,1228880.0,701.0,21.68
2020-06-15 04:00:00,21.45,22.06,21.39,21.95,380440.0,565.0,21.79
2020-06-16 04:00:00,22.65,22.65,22.07,22.44,810790.0,974.0,22.39
2020-06-17 04:00:00,22.55,22.55,22.32,22.38,453270.0,657.0,22.46
2020-06-18 04:00:00,22.28,22.42,22.27,22.42,320810.0,435.0,22.36
2020-06-19 04:00:00,22.71,22.71,22.22,22.32,1153650.0,1057.0,22.38
2020-06-22 04:00:00,22.32,22.58,22.3,22.58,279000.0,451.0,22.47
2020-06-23 04:00:00,22.74,22.93,22.72,22.74,258510.0,438.0,22.84
2020-06-24 04:00:00,22.65,22.7,22.14,22.23,548820.0,857.0,22.31
2020-06-25 04:00:00,22.23,22.51,22.14,22.5,408500.0,511.0,22.34
2020-06-26 04:00:00,22.41,22.41,21.89,21.92,718640.0,879.0,22.06
2020-06-29 04:00:00,21.93,22.14,21.78,22.13,486330.0,632.0,22.02
2020-06-30 04:00:00,22.17,22.59,22.13,22.51,458780.0,606.0,22.36
2020-07-01 04:00:00,22.54,22.81,22.54,22.72,947540.0,772.0,22.7
2020-07-02 04:00:00,22.95,23.05,22.79,22.83,509870.0,560.0,22.95
2020-07-06 04:00:00,23.11,23.3,23.09,23.28,585350.0,630.0,23.21
2020-07-07 04:00:00,23.2,23.4,23.07,23.07,352560.0,554.0,23.29
2020-07-08 04:00:00,23.21,23.37,23.1,23.37,475350.0,650.0,23.27
2020-07-09 04:00:00,23.5,23.5,23.08,23.38,724790.0,811.0,23.29
2020-07-10 04:00:00,23.38,23.6,23.22,23.6,249710.0,480.0,23.42
2020-07-13 04:00:00,23.78,24.03,23.25,23.28,552240.0,816.0,23.76
2020-07-14 04:00:00,23.19,23.59,23.02,23.57,558440.0,736.0,23.36
2020-07-15 04:00:00,23.79,23.79,23.46,23.6,349170.0,504.0,23.61
2020-07-16 04:00:00,23.42,23.51,23.33,23.47,283150.0,613.0,23.41
2020-07-17 04:00:00,23.57,23.57,23.38,23.49,370280.0,494.0,23.47
2020-07-20 04:00:00,23.53,23.94,23.43,23.9,315500.0,497.0,23.73
2020-07-21 04:00:00,24.12,24.12,23.75,23.83,649550.0,837.0,23.93
2020-07-22 04:00:00,23.8,23.94,23.74,23.93,668360.0,793.0,23.82
2020-07-23 04:00:00,23.89,23.94,23.37,23.47,512060.0,750.0,23.7
2020-07-24 04:00:00,23.21,23.37,23.09,23.31,567440.0,787.0,23.27
2020-07-27 04:00:00,23.36,23.55,23.33,23.51,426830.0,578.0,23.48
2020-07-28 04:00:00,23.5,23.56,23.35,23.39,338080.0,536.0,23.48
2020-07-29 04:00:00,23.43,23.64,23.41,23.57,291340.0,504.0,23.53
2020-07-30 04:00:00,23.37,23.6,23.24,23.57,379710.0,575.0,23.46
2020-07-31 04:00:00,23.92,23.92,23.54,23.92,329140.0,580.0,23.73
2020-08-03 04:00:00,24.14,24.24,24.1,24.19,701600.0,770.0,24.18
2020-08-04 04:00:00,24.16,24.24,24.1,24.24,305950.0,618.0,24.18
2020-08-05 04:00:00,24.38,24.44,24.35,24.43,295240.0,528.0,24.41
2020-08-06 04:00:00,24.41,24.74,24.39,24.73,239270.0,471.0,24.58
2020-08-07 04:00:00,24.67,24.71,24.48,24.58,296960.0,555.0,24.62
2020-08-10 04:00:00,24.64,24.64,24.43,24.59,434960.0,504.0,24.55
2020-08-11 04:00:00,24.62,24.67,24.24,24.29,347300.0,618.0,24.52
2020-08-12 04:00:00,24.48,24.78,24.48,24.73,434200.0,614.0,24.67
2020-08-13 04:00:00,24.74,24.83,24.66,24.72,237320.0,476.0,24.76
2020-08-14 04:00:00,24.69,24.7,24.62,24.68,258810.0,434.0,24.67
2020-08-17 04:00:00,24.82,24.83,24.77,24.79,154790.0,358.0,24.81
2020-08-18 04:00:00,24.87,25.0,24.77,24.96,316600.0,467.0,24.91
2020-08-19 04:00:00,25.01,25.07,24.85,24.89,228210.0,447.0,24.98
2020-08-20 04:00:00,24.8,25.14,24.8,25.11,245300.0,425.0,25.03
2020-08-21 04:00:00,25.12,25.28,25.07,25.26,226160.0,433.0,25.19
2020-08-24 04:00:00,25.54,25.54,25.34,25.47,375570.0,704.0,25.44
2020-08-25 04:00:00,25.49,25.61,25.45,25.6,315150.0,481.0,25.51
2020-08-26 04:00:00,25.73,26.1,25.73,26.08,651990.0,745.0,25.98
2020-08-27 04:00:00,26.13,26.25,25.97,26.1,677970.0,975.0,26.16
2020-08-28 04:00:00,26.22,26.26,26.12,26.22,292070.0,521.0,26.19
2020-08-31 04:00:00,26.28,26.39,26.19,26.23,385010.0,674.0,26.3
2020-09-01 04:00:00,26.39,26.55,26.35,26.55,474130.0,699.0,26.47
2020-09-02 04:00:00,26.77,26.92,26.54,26.89,370800.0,544.0,26.81
2020-09-03 04:00:00,26.61,26.63,25.54,25.79,693770.0,1138.0,25.81
2020-09-04 04:00:00,25.69,25.9,24.72,25.49,513150.0,1044.0,25.31
2020-09-08 04:00:00,24.82,25.12,24.63,24.64,534410.0,857.0,24.85
2020-09-09 04:00:00,25.07,25.44,24.96,25.25,634250.0,740.0,25.29
2020-09-10 04:00:00,25.45,25.47,24.67,24.75,1081210.0,940.0,25.1
2020-09-11 04:00:00,24.89,24.96,24.45,24.68,581780.0,609.0,24.69
2020-09-14 04:00:00,24.99,25.13,24.88,24.94,217100.0,501.0,25.0
2020-09-15 04:00:00,25.22,25.29,25.01,25.11,280960.0,713.0,25.17
2020-09-16 04:00:00,25.19,25.19,24.83,24.84,278750.0,584.0,25.02
2020-09-17 04:00:00,24.41,24.67,24.34,24.56,338490.0,668.0,24.46
2020-09-18 04:00:00,24.63,24.63,24.03,24.27,315240.0,838.0,24.22
2020-09-21 04:00:00,23.88,24.16,23.67,24.16,579130.0,830.0,23.84
2020-09-22 04:00:00,24.35,24.56,24.11,24.53,322760.0,527.0,24.39
2020-09-23 04:00:00,24.59,24.59,23.85,23.89,482270.0,716.0,24.19
2020-09-24 04:00:00,23.72,24.18,23.71,23.96,504050.0,676.0,23.98
2020-09-25 04:00:00,23.96,24.42,23.83,24.37,716890.0,649.0,24.09
2020-09-28 04:00:00,24.76,24.77,24.63,24.76,419050.0,837.0,24.74
2020-09-29 04:00:00,24.77,24.77,24.61,24.66,601210.0,547.0,24.68
2020-09-30 04:00:00,24.69,25.11,24.69,24.86,642160.0,851.0,24.91
2020-10-01 04:00:00,25.13,25.13,24.92,25.06,467110.0,817.0,25.02
2020-10-02 04:00:00,24.61,24.86,24.56,24.61,672290.0,909.0,24.73
2020-10-05 04:00:00,24.79,25.06,24.78,25.06,274980.0,467.0,24.95
2020-10-06 04:00:00,25.05,25.12,24.58,24.63,434160.0,787.0,24.85
2020-10-07 04:00:00,24.87,25.1,24.84,25.07,312620.0,534.0,25.01
2020-10-08 04:00:00,25.22,25.22,25.14,25.2,264970.0,493.0,25.18
2020-10-09 04:00:00,25.31,25.51,25.31,25.51,326490.0,699.0,25.44
2020-10-12 04:00:00,25.76,26.24,25.75,26.1,347170.0,650.0,26.05
2020-10-13 04:00:00,26.16,26.16,25.88,25.96,597850.0,773.0,25.99
2020-10-14 04:00:00,25.97,26.06,25.61,25.72,462310.0,693.0,25.78
2020-10-15 04:00:00,25.41,25.68,25.35,25.62,256610.0,573.0,25.51
2020-10-16 04:00:00,25.78,25.83,25.56,25.56,195110.0,397.0,25.71
2020-10-19 04:00:00,25.71,25.76,25.09,25.14,331640.0,754.0,25.36
2020-10-20 04:00:00,25.22,25.49,25.12,25.26,365160.0,787.0,25.31
2020-10-21 04:00:00,25.23,25.44,25.19,25.23,304280.0,561.0,25.31
2020-10-22 04:00:00,25.27,25.35,25.04,25.28,407080.0,646.0,25.19
2020-10-23 04:00:00,25.35,25.35,25.15,25.32,878150.0,604.0,25.25
2020-10-26 04:00:00,25.11,25.24,24.65,24.91,400090.0,877.0,24.87
2020-10-27 04:00:00,24.95,25.07,24.88,25.0,395070.0,656.0,25.0
2020-10-28 04:00:00,24.56,24.56,24.0,24.03,602960.0,1090.0,24.22
2020-10-29 04:00:00,24.14,24.57,24.02,24.35,599990.0,1112.0,24.33
2020-10-30 04:00:00,24.23,24.3,23.7,23.98,689490.0,1264.0,23.89
2020-11-02 05:00:00,24.19,24.29,23.89,24.07,544400.0,802.0,24.04
2020-11-03 05:00:00,24.32,24.64,24.25,24.44,258070.0,570.0,24.51
2020-11-04 05:00:00,25.01,25.54,24.96,25.28,603070.0,937.0,25.34
2020-11-05 05:00:00,25.8,25.93,25.67,25.78,740560.0,1287.0,25.81
2020-11-06 05:00:00,25.76,25.87,25.49,25.77,399460.0,752.0,25.74
2020-11-09 05:00:00,26.46,26.46,25.75,25.79,856010.0,1454.0,26.29
2020-11-10 05:00:00,25.67,25.72,25.37,25.6,723070.0,1194.0,25.6
2020-11-11 05:00:00,25.8,25.98,25.76,25.94,424450.0,755.0,25.92
2020-11-12 05:00:00,25.91,25.97,25.64,25.75,740000.0,844.0,25.75
2020-11-13 05:00:00,25.88,26.03,25.77,25.98,312310.0,613.0,25.93
2020-11-16 05:00:00,26.1,26.21,26.03,26.2,255340.0,1044.0,26.13
2020-11-17 05:00:00,26.12,26.19,26.01,26.08,602260.0,708.0,26.11
2020-11-18 05:00:00,26.06,26.1,25.76,25.76,596050.0,765.0,25.99
2020-11-19 05:00:00,25.74,25.89,25.64,25.86,251210.0,534.0,25.76
2020-11-20 05:00:00,25.86,25.86,25.66,25.66,375690.0,728.0,25.79
2020-11-23 05:00:00,25.76,25.83,25.5,25.66,324790.0,530.0,25.66
2020-11-24 05:00:00,25.86,26.12,25.8,26.08,235620.0,556.0,25.98
2020-11-25 05:00:00,26.12,26.16,26.04,26.12,261590.0,575.0,26.11
2020-11-27 05:00:00,26.18,26.27,26.15,26.2,101200.0,287.0,26.21
2020-11-30 05:00:00,26.18,26.18,25.92,26.18,177300.0,656.0,26.08
2020-12-01 05:00:00,26.4,26.62,26.37,26.49,403470.0,785.0,26.5
2020-12-02 05:00:00,26.43,26.58,26.33,26.56,325610.0,540.0,26.54
2020-12-03 05:00:00,26.55,26.61,26.42,26.43,226470.0,567.0,26.53
2020-12-04 05:00:00,26.54,26.6,26.53,26.6,748930.0,633.0,26.57
2020-12-07 05:00:00,26.56,26.63,26.52,26.61,425740.0,506.0,26.59
2020-12-08 05:00:00,26.55,26.74,26.52,26.7,488940.0,391.0,26.67
2020-12-09 05:00:00,26.74,26.74,26.33,26.46,309320.0,660.0,26.5
2020-12-10 05:00:00,26.29,26.48,26.29,26.39,205990.0,513.0,26.39
2020-12-11 05:00:00,26.32,26.43,26.19,26.43,653210.0,457.0,26.35
2020-12-14 05:00:00,26.53,26.67,26.33,26.33,446040.0,674.0,26.42
2020-12-15 05:00:00,26.57,26.65,26.43,26.65,666410.0,710.0,26.46
2020-12-16 05:00:00,26.7,26.84,26.61,26.76,489850.0,688.0,26.79
2020-12-17 05:00:00,26.89,26.95,26.82,26.88,300190.0,649.0,26.88
2020-12-18 05:00:00,26.95,26.95,26.61,26.77,379780.0,889.0,26.7
2020-12-21 05:00:00,26.61,26.8,26.34,26.8,339030.0,788.0,26.65
2020-12-22 05:00:00,26.85,26.86,26.69,26.77,434830.0,827.0,26.79
2020-12-23 05:00:00,26.79,26.89,26.71,26.71,468860.0,734.0,26.82
2020-12-24 05:00:00,26.74,26.87,26.74,26.82,206390.0,434.0,26.81
2020-12-28 05:00:00,26.99,27.24,26.98,27.21,497470.0,868.0,27.1
2020-12-29 05:00:00,27.34,27.37,27.18,27.18,356600.0,811.0,27.27
2020-12-30 05:00:00,27.26,27.29,27.1,27.11,234260.0,659.0,27.19
2020-12-31 05:00:00,27.11,27.25,27.0,27.17,345820.0,780.0,27.11
2021-01-04 05:00:00,27.23,27.24,26.49,26.81,966110.0,1489.0,26.8
2021-01-05 05:00:00,26.72,27.02,26.72,26.95,566910.0,856.0,26.87
2021-01-06 05:00:00,26.67,27.08,26.58,26.76,498370.0,908.0,26.88
2021-01-07 05:00:00,26.95,27.27,26.95,27.21,411970.0,824.0,27.19
2021-01-08 05:00:00,27.31,27.37,27.08,27.37,440760.0,822.0,27.24
2021-01-11 05:00:00,27.11,27.31,27.11,27.15,449860.0,951.0,27.2
2021-01-12 05:00:00,27.15,27.15,26.83,27.04,944360.0,822.0,27.01
2021-01-13 05:00:00,27.01,27.26,27.01,27.21,742410.0,832.0,27.23
2021-01-14 05:00:00,27.27,27.27,26.97,27.02,672960.0,824.0,27.19
2021-01-15 05:00:00,26.94,27.0,26.75,26.81,388020.0,971.0,26.9
2021-01-19 05:00:00,26.96,27.1,26.86,27.06,378490.0,683.0,27.0
2021-01-20 05:00:00,27.28,27.71,27.27,27.66,365410.0,741.0,27.57
2021-01-21 05:00:00,27.73,27.85,27.69,27.81,203970.0,582.0,27.79
2021-01-22 05:00:00,27.71,27.84,27.67,27.76,184270.0,486.0,27.76
2021-01-25 05:00:00,27.92,27.99,27.51,27.93,1153550.0,903.0,27.92
2021-01-26 05:00:00,27.97,28.06,27.95,28.01,166070.0,568.0,28.01
2021-01-27 05:00:00,27.84,27.84,27.14,27.35,357160.0,934.0,27.52
2021-01-28 05:00:00,27.47,27.89,27.47,27.54,350670.0,852.0,27.72
2021-01-29 05:00:00,27.35,27.42,26.84,26.96,554300.0,1113.0,27.09
2021-02-01 05:00:00,27.28,27.51,27.09,27.43,306820.0,555.0,27.37
2021-02-02 05:00:00,27.71,27.87,27.67,27.76,327710.0,580.0,27.79
2021-02-03 05:00:00,27.86,28.01,27.79,27.82,694120.0,776.0,27.88
2021-02-04 05:00:00,27.99,28.15,27.92,28.15,280900.0,707.0,28.03
2021-02-05 05:00:00,28.26,28.29,28.13,28.24,227710.0,679.0,28.24
2021-02-08 05:00:00,28.35,28.38,28.24,28.38,295220.0,609.0,28.3
2021-02-09 05:00:00,28.3,28.42,28.3,28.35,217450.0,593.0,28.37
2021-02-10 05:00:00,28.46,28.49,28.14,28.33,318570.0,713.0,28.29
2021-02-11 05:00:00,28.43,28.47,28.24,28.39,319460.0,641.0,28.34
2021-02-12 05:00:00,28.36,28.5,28.32,28.5,189150.0,488.0,28.39
2021-02-16 05:00:00,28.53,28.63,28.44,28.5,226760.0,648.0,28.53
2021-02-17 05:00:00,28.29,28.51,28.29,28.5,174310.0,545.0,28.39
2021-02-18 05:00:00,28.3,28.41,28.14,28.36,190320.0,486.0,28.28
2021-02-19 05:00:00,28.45,28.45,28.12,28.13,321810.0,752.0,28.2
2021-02-22 05:00:00,27.87,28.0,27.81,27.84,317630.0,633.0,27.9
2021-02-23 05:00:00,27.6,27.98,27.38,27.88,414200.0,862.0,27.69
2021-02-24 05:00:00,27.78,28.09,27.61,28.05,475900.0,830.0,27.99
2021-02-25 05:00:00,27.91,28.05,27.3,27.4,1212560.0,1598.0,27.7
2021-02-26 05:00:00,27.59,27.66,27.19,27.3,896200.0,1141.0,27.47
2021-03-01 05:00:00,27.69,28.03,27.65,27.97,827680.0,919.0,27.87
2021-03-02 05:00:00,28.01,28.01,27.71,27.71,479960.0,1005.0,27.86
2021-03-03 05:00:00,27.67,27.73,27.28,27.28,575640.0,962.0,27.49
2021-03-04 05:00:00,27.23,27.54,26.74,26.99,1352200.0,1518.0,27.35
2021-03-05 05:00:00,27.26,27.56,26.89,27.48,763430.0,1103.0,27.18
2021-03-08 05:00:00,27.52,27.67,27.17,27.18,857080.0,843.0,27.41
2021-03-09 05:00:00,27.54,27.87,27.54,27.69,339700.0,827.0,27.74
2021-03-10 05:00:00,27.88,27.9,27.74,27.76,528110.0,862.0,27.84
2021-03-11 05:00:00,28.03,28.27,27.97,28.12,340170.0,698.0,28.12
2021-03-12 05:00:00,27.97,28.02,27.84,28.01,687670.0,824.0,27.93
2021-03-15 04:00:00,28.01,28.13,27.87,28.12,352230.0,656.0,28.02
2021-03-16 04:00:00,28.2,28.41,28.19,28.26,239820.0,586.0,28.31
2021-03-17 04:00:00,28.14,28.37,28.03,28.26,465430.0,833.0,28.14
2021-03-18 04:00:00,28.07,28.13,27.78,27.8,320590.0,682.0,27.94
2021-03-19 04:00:00,27.84,27.85,27.65,27.78,302850.0,684.0,27.77
2021-03-22 04:00:00,27.79,28.19,27.79,28.09,428890.0,799.0,28.05
2021-03-23 04:00:00,28.09,28.31,28.0,28.03,544080.0,939.0,28.13
2021-03-24 04:00:00,28.16,28.16,27.82,27.83,187550.0,550.0,28.04
2021-03-25 04:00:00,27.69,27.88,27.59,27.82,673790.0,1259.0,27.74
2021-03-26 04:00:00,27.88,28.26,27.84,28.22,639210.0,822.0,27.97
2021-03-29 04:00:00,28.18,28.37,28.06,28.31,497130.0,742.0,28.24
2021-03-30 04:00:00,28.21,28.21,28.03,28.11,319010.0,703.0,28.12
2021-03-31 04:00:00,28.22,28.44,28.19,28.32,371040.0,667.0,28.29
2021-04-01 04:00:00,28.45,28.65,28.45,28.64,617720.0,848.0,28.56
2021-04-05 04:00:00,28.8,29.18,28.8,29.13,567220.0,1095.0,29.08
2021-04-06 04:00:00,29.11,29.2,29.05,29.1,363740.0,687.0,29.13
2021-04-07 04:00:00,29.1,29.29,29.1,29.28,350380.0,680.0,29.24
2021-04-08 04:00:00,29.46,29.48,29.4,29.44,389810.0,716.0,29.44
2021-04-09 04:00:00,29.42,29.74,29.42,29.73,248390.0,585.0,29.58
2021-04-12 04:00:00,29.66,29.72,29.58,29.69,272980.0,599.0,29.65
2021-04-13 04:00:00,29.7,29.87,29.7,29.81,240920.0,682.0,29.8
2021-04-14 04:00:00,29.81,29.81,29.57,29.59,333560.0,676.0,29.66
2021-04-15 04:00:00,29.83,30.01,29.83,29.98,406130.0,979.0,29.93
2021-04-16 04:00:00,30.13,30.13,29.95,30.08,293430.0,682.0,30.05
2021-04-19 04:00:00,30.01,30.1,29.89,29.97,276420.0,548.0,29.98
2021-04-20 04:00:00,29.9,29.95,29.68,29.8,352930.0,809.0,29.79
2021-04-21 04:00:00,29.72,29.94,29.68,29.94,230860.0,659.0,29.85
2021-04-22 04:00:00,29.93,29.95,29.55,29.63,355380.0,666.0,29.76
2021-04-23 04:00:00,29.68,30.05,29.68,29.94,388860.0,672.0,29.94
2021-04-26 04:00:00,29.99,30.03,29.91,30.0,415920.0,883.0,29.97
2021-04-27 04:00:00,30.06,30.06,29.9,29.95,396670.0,655.0,29.97
2021-04-28 04:00:00,30.03,30.12,29.96,29.97,251090.0,518.0,30.04
2021-04-29 04:00:00,30.29,30.29,29.93,30.2,445680.0,844.0,30.09
2021-04-30 04:00:00,30.01,30.09,29.93,29.96,355660.0,713.0,30.0
2021-05-03 04:00:00,30.11,30.21,29.97,29.99,1010930.0,903.0,30.05
2021-05-04 04:00:00,29.85,29.85,29.45,29.7,609730.0,1068.0,29.6
2021-05-05 04:00:00,29.84,29.87,29.64,29.69,548650.0,666.0,29.75
2021-05-06 04:00:00,29.66,29.98,29.6,29.97,420760.0,747.0,29.81
2021-05-07 04:00:00,30.13,30.24,30.05,30.13,318880.0,799.0,30.13
2021-05-10 04:00:00,30.1,30.1,29.71,29.73,307130.0,684.0,29.91
2021-05-11 04:00:00,29.35,29.55,29.26,29.53,405660.0,900.0,29.42
2021-05-12 04:00:00,29.26,29.35,28.9,28.94,249630.0,698.0,29.05
2021-05-13 04:00:00,29.09,29.39,29.09,29.28,368430.0,648.0,29.25
2021-05-14 04:00:00,29.52,29.76,29.52,29.71,177660.0,431.0,29.63
2021-05-17 04:00:00,29.66,29.67,29.47,29.62,219260.0,655.0,29.58
2021-05-18 04:00:00,29.65,29.67,29.37,29.37,182610.0,458.0,29.56
2021-05-19 04:00:00,29.0,29.32,28.99,29.32,262930.0,629.0,29.18
2021-05-20 04:00:00,29.39,29.76,29.39,29.68,1089890.0,1056.0,29.61
2021-05-21 04:00:00,29.83,29.83,29.57,29.59,280420.0,619.0,29.67
2021-05-24 04:00:00,29.78,30.03,29.78,29.99,141520.0,559.0,29.94
2021-05-25 04:00:00,30.07,30.09,29.89,29.94,251690.0,611.0,29.95
2021-05-26 04:00:00,29.99,30.0,29.92,29.95,167260.0,500.0,29.97
2021-05-27 04:00:00,30.0,30.01,29.82,29.83,195140.0,523.0,29.91
2021-05-28 04:00:00,29.93,30.01,29.87,29.88,243540.0,627.0,29.94
2021-06-01 04:00:00,30.01,30.02,29.75,29.75,267670.0,608.0,29.86
2021-06-02 04:00:00,29.8,29.91,29.76,29.85,316180.0,596.0,29.82
2021-06-03 04:00:00,29.73,29.8,29.6,29.73,309270.0,606.0,29.73
2021-06-04 04:00:00,29.89,30.07,29.86,30.05,376280.0,604.0,30.02
2021-06-07 04:00:00,30.05,30.1,30.0,30.1,176190.0,535.0,30.03
2021-06-08 04:00:00,30.14,30.17,30.0,30.08,143110.0,622.0,30.1
2021-06-09 04:00:00,30.17,30.23,30.13,30.14,143140.0,578.0,30.19
2021-06-10 04:00:00,30.18,30.37,30.18,30.34,188430.0,538.0,30.32
2021-06-11 04:00:00,30.39,30.39,30.29,30.38,187780.0,569.0,30.34
2021-06-14 04:00:00,30.4,30.58,30.37,30.57,201860.0,691.0,30.43
2021-06-15 04:00:00,30.57,30.57,30.44,30.47,247310.0,550.0,30.47
2021-06-16 04:00:00,30.54,30.54,30.15,30.35,260840.0,690.0,30.37
2021-06-17 04:00:00,30.3,30.6,30.3,30.55,386860.0,816.0,30.48
2021-06-18 04:00:00,30.38,30.38,30.22,30.22,533550.0,677.0,30.31
2021-06-21 04:00:00,30.3,30.53,30.2,30.51,248180.0,621.0,30.44
2021-06-22 04:00:00,30.51,30.81,30.51,30.76,189460.0,544.0,30.67
2021-06-23 04:00:00,30.75,30.83,30.73,30.74,221550.0,527.0,30.78
2021-06-24 04:00:00,30.95,30.98,30.86,30.9,196190.0,573.0,30.93
2021-06-25 04:00:00,30.98,30.98,30.9,30.95,221580.0,659.0,30.94
2021-06-28 04:00:00,31.01,31.14,31.01,31.14,186770.0,602.0,31.05
2021-06-29 04:00:00,31.18,31.18,31.11,31.16,458270.0,664.0,31.14
2021-06-30 04:00:00,31.12,31.21,31.12,31.17,179960.0,568.0,31.16
2021-07-01 04:00:00,31.19,31.33,31.19,31.33,237780.0,546.0,31.28
2021-07-02 04:00:00,31.44,31.68,31.42,31.68,108740.0,470.0,31.59
2021-07-06 04:00:00,31.71,31.78,31.52,31.78,423960.0,801.0,31.75
2021-07-07 04:00:00,31.88,31.94,31.76,31.91,326040.0,689.0,31.89
2021-07-08 04:00:00,31.46,31.72,31.42,31.69,555790.0,755.0,31.65
2021-07-09 04:00:00,31.74,31.96,31.72,31.94,562590.0,930.0,31.81
2021-07-12 04:00:00,32.01,32.08,31.98,32.06,572980.0,494.0,32.04
2021-07-13 04:00:00,32.04,32.25,32.04,32.06,312640.0,755.0,32.13
2021-07-14 04:00:00,32.25,32.28,32.09,32.17,362170.0,846.0,32.22
2021-07-15 04:00:00,32.17,32.17,31.91,32.03,309050.0,857.0,32.03
2021-07-16 04:00:00,32.12,32.12,31.74,31.76,339580.0,1036.0,31.93
2021-07-19 04:00:00,31.4,31.44,31.14,31.33,743810.0,1521.0,31.27
2021-07-20 04:00:00,31.43,31.8,31.32,31.68,392900.0,919.0,31.61
2021-07-21 04:00:00,31.74,31.92,31.73,31.9,282380.0,645.0,31.84
2021-07-22 04:00:00,31.97,32.09,31.96,32.08,360610.0,979.0,32.03
2021-07-23 04:00:00,32.26,32.47,32.17,32.44,435000.0,793.0,32.34
2021-07-26 04:00:00,32.44,32.56,32.4,32.56,241610.0,696.0,32.49
2021-07-27 04:00:00,32.52,32.52,32.12,32.33,291860.0,753.0,32.28
2021-07-28 04:00:00,32.38,32.48,32.19,32.31,375780.0,864.0,32.34
2021-07-29 04:00:00,32.33,32.43,32.33,32.33,366730.0,691.0,32.37
2021-07-30 04:00:00,32.08,32.16,32.01,32.08,1054570.0,712.0,32.07
2021-08-02 04:00:00,32.23,32.23,32.01,32.04,658840.0,951.0,32.16
2021-08-03 04:00:00,32.09,32.27,31.93,32.27,701630.0,982.0,32.17
2021-08-04 04:00:00,32.22,32.27,32.14,32.2,329380.0,675.0,32.22
2021-08-05 04:00:00,32.31,32.43,32.23,32.42,247220.0,661.0,32.34
2021-08-06 04:00:00,32.43,32.45,32.35,32.42,136420.0,509.0,32.4
2021-08-09 04:00:00,32.46,32.48,32.38,32.41,205020.0,592.0,32.41
2021-08-10 04:00:00,32.45,32.49,32.3,32.4,447440.0,679.0,32.39
2021-08-11 04:00:00,32.49,32.49,32.35,32.38,160260.0,545.0,32.41
2021-08-12 04:00:00,32.38,32.59,32.33,32.58,150890.0,467.0,32.48
2021-08-13 04:00:00,32.65,32.69,32.6,32.67,238870.0,749.0,32.64
2021-08-16 04:00:00,32.6,32.81,32.37,32.79,256150.0,657.0,32.64
2021-08-17 04:00:00,32.62,32.67,32.37,32.58,295160.0,611.0,32.47
2021-08-18 04:00:00,32.52,32.62,32.19,32.2,187540.0,802.0,32.5
2021-08-19 04:00:00,31.97,32.44,31.97,32.33,372260.0,682.0,32.28
2021-08-20 04:00:00,32.44,32.67,32.38,32.65,273770.0,700.0,32.59
2021-08-23 04:00:00,32.73,33.05,32.73,32.99,563960.0,943.0,33.01
2021-08-24 04:00:00,33.04,33.07,32.98,33.0,239080.0,727.0,33.01
2021-08-25 04:00:00,33.02,33.03,32.96,33.0,363870.0,833.0,33.0
2021-08-26 04:00:00,33.0,33.03,32.82,32.82,433910.0,687.0,32.93
2021-08-27 04:00:00,32.87,33.08,32.84,33.07,500110.0,662.0,32.98
2021-08-30 04:00:00,33.15,33.43,33.13,33.39,216860.0,572.0,33.33
2021-08-31 04:00:00,33.4,33.4,33.27,33.3,364980.0,798.0,33.33
2021-09-01 04:00:00,33.39,33.48,33.3,33.3,151470.0,608.0,33.42
2021-09-02 04:00:00,33.45,33.45,33.27,33.33,418170.0,1043.0,33.35
2021-09-03 04:00:00,33.29,33.42,33.22,33.38,128680.0,572.0,33.34
2021-09-07 04:00:00,33.42,33.5,33.33,33.43,226340.0,646.0,33.42
2021-09-08 04:00:00,33.4,33.41,33.23,33.36,201720.0,643.0,33.32
2021-09-09 04:00:00,33.38,33.46,33.16,33.18,300190.0,722.0,33.28
2021-09-10 04:00:00,33.37,33.37,32.85,32.86,332910.0,734.0,33.11
2021-09-13 04:00:00,33.08,33.12,32.77,32.94,294850.0,754.0,32.92
2021-09-14 04:00:00,33.07,33.08,32.74,32.82,375480.0,983.0,32.85
2021-09-15 04:00:00,32.88,33.1,32.73,33.07,155850.0,645.0,32.91
2021-09-16 04:00:00,33.04,33.08,32.76,33.02,200860.0,658.0,32.96
2021-09-17 04:00:00,32.99,32.99,32.67,32.71,295190.0,765.0,32.75
2021-09-20 04:00:00,32.25,32.35,31.71,32.11,532140.0,1469.0,32.06
2021-09-21 04:00:00,32.28,32.33,32.11,32.12,311490.0,757.0,32.21
2021-09-22 04:00:00,32.27,32.52,32.17,32.39,397990.0,830.0,32.37
2021-09-23 04:00:00,32.55,32.83,32.5,32.75,335450.0,838.0,32.72
2021-09-24 04:00:00,32.61,32.88,32.52,32.83,168900.0,592.0,32.74
2021-09-27 04:00:00,32.68,32.74,32.58,32.69,172700.0,751.0,32.68
2021-09-28 04:00:00,32.39,32.43,31.89,31.92,327780.0,897.0,32.13
2021-09-29 04:00:00,32.08,32.21,31.94,31.99,405680.0,929.0,32.09
2021-09-30 04:00:00,32.12,32.19,31.68,31.69,596680.0,1281.0,31.92
2021-10-01 04:00:00,31.83,32.2,31.57,32.11,947830.0,916.0,31.8
2021-10-04 04:00:00,32.03,32.04,31.38,31.56,1049070.0,1552.0,31.66
2021-10-05 04:00:00,31.68,32.15,31.68,31.97,401970.0,934.0,32.0
2021-10-06 04:00:00,31.68,32.18,31.61,32.16,449480.0,970.0,31.91
2021-10-07 04:00:00,32.44,32.64,32.41,32.42,468810.0,756.0,32.5
2021-10-08 04:00:00,32.53,32.53,32.36,32.4,295820.0,799.0,32.45
2021-10-11 04:00:00,32.31,32.54,32.16,32.16,253110.0,616.0,32.36
2021-10-12 04:00:00,32.18,32.23,31.95,32.01,290770.0,861.0,32.08
2021-10-13 04:00:00,32.07,32.14,31.89,32.11,407310.0,1004.0,32.02
2021-10-14 04:00:00,32.41,32.64,32.37,32.64,273500.0,714.0,32.55
2021-10-15 04:00:00,32.81,32.96,32.74,32.96,252430.0,665.0,32.86
2021-10-18 04:00:00,32.84,33.15,32.76,33.14,445920.0,1052.0,33.01
2021-10-19 04:00:00,33.27,33.4,33.22,33.39,179260.0,664.0,33.34
2021-10-20 04:00:00,33.44,33.49,33.32,33.41,315380.0,767.0,33.42
2021-10-21 04:00:00,33.42,33.55,33.37,33.54,271030.0,823.0,33.43
2021-10-22 04:00:00,33.44,33.49,33.21,33.37,410010.0,974.0,33.34
2021-10-25 04:00:00,33.49,33.62,33.33,33.6,212040.0,610.0,33.51
2021-10-26 04:00:00,33.77,33.93,33.67,33.73,336240.0,840.0,33.81
2021-10-27 04:00:00,33.83,34.01,33.76,33.81,251000.0,899.0,33.87
2021-10-28 04:00:00,33.96,34.14,33.93,34.12,247280.0,646.0,34.07
2021-10-29 04:00:00,33.94,34.32,33.93,34.3,281520.0,916.0,34.16
2021-11-01 04:00:00,34.41,34.41,34.15,34.28,508120.0,896.0,34.23
2021-11-02 04:00:00,34.27,34.48,34.26,34.41,309360.0,661.0,34.39
2021-11-03 04:00:00,34.44,34.7,34.35,34.67,506800.0,1013.0,34.53
2021-11-04 04:00:00,34.76,34.97,34.7,34.96,466170.0,946.0,34.91
2021-11-05 04:00:00,35.12,35.22,35.0,35.06,199460.0,707.0,35.12
2021-11-08 05:00:00,35.1,35.12,34.99,35.02,369370.0,918.0,35.06
2021-11-09 05:00:00,35.09,35.09,34.69,34.77,327710.0,948.0,34.81
2021-11-10 05:00:00,34.62,34.76,34.39,34.51,301700.0,955.0,34.59
2021-11-11 05:00:00,34.67,34.67,34.47,34.48,230760.0,672.0,34.54
2021-11-12 05:00:00,34.58,34.79,34.46,34.78,195020.0,652.0,34.72
2021-11-15 05:00:00,34.86,34.87,34.64,34.74,210800.0,634.0,34.75
2021-11-16 05:00:00,34.72,34.99,34.72,34.91,193400.0,710.0,34.92
2021-11-17 05:00:00,34.92,35.01,34.86,34.91,152720.0,636.0,34.93
2021-11-18 05:00:00,35.03,35.21,34.89,35.18,219400.0,697.0,35.09
2021-11-19 05:00:00,35.25,35.33,35.17,35.23,415010.0,898.0,35.25
2021-11-22 05:00:00,35.39,35.66,35.03,35.04,326520.0,879.0,35.37
2021-11-23 05:00:00,35.01,35.07,34.75,35.02,428250.0,945.0,34.92
2021-11-24 05:00:00,34.9,35.16,34.77,35.16,330300.0,861.0,35.03
2021-11-26 05:00:00,34.74,34.87,34.31,34.43,307020.0,1031.0,34.53
2021-11-29 05:00:00,34.79,35.0,34.72,34.91,500820.0,1082.0,34.9
2021-11-30 05:00:00,34.75,34.92,34.33,34.46,952000.0,1847.0,34.5
2021-12-01 05:00:00,34.82,35.03,34.0,34.02,447160.0,1244.0,34.63
2021-12-02 05:00:00,33.92,34.43,33.87,34.3,476870.0,1332.0,34.23
2021-12-03 05:00:00,34.44,34.51,33.61,33.92,759560.0,1479.0,34.0
2021-12-06 05:00:00,34.1,34.42,33.86,34.31,216310.0,896.0,34.22
2021-12-07 05:00:00,34.83,35.06,34.8,35.06,427360.0,948.0,34.99
2021-12-08 05:00:00,35.11,35.2,34.95,35.19,336890.0,959.0,35.1
2021-12-09 05:00:00,35.11,35.19,34.93,34.95,228830.0,840.0,35.08
2021-12-10 05:00:00,35.22,35.39,35.02,35.39,299110.0,939.0,35.27
2021-12-13 05:00:00,35.36,35.37,35.0,35.04,416720.0,1050.0,35.12
2021-12-14 05:00:00,34.67,34.89,34.44,34.72,463760.0,1044.0,34.62
2021-12-15 05:00:00,34.75,35.43,34.51,35.38,453330.0,1149.0,34.82
2021-12-16 05:00:00,35.55,35.55,34.83,34.91,448210.0,1152.0,35.14
2021-12-17 05:00:00,34.6,34.81,34.33,34.53,465800.0,1351.0,34.6
2021-12-20 05:00:00,34.14,34.24,33.96,34.2,2824800.0,2173.0,34.12
2021-12-21 05:00:00,34.49,34.78,34.16,34.76,771050.0,1230.0,34.62
2021-12-22 05:00:00,34.73,35.21,34.73,35.2,579080.0,1125.0,35.07
2021-12-23 05:00:00,35.32,35.51,35.25,35.41,543010.0,982.0,35.42
2021-12-27 05:00:00,35.51,35.92,35.51,35.91,771850.0,1525.0,35.81
2021-12-28 05:00:00,35.99,36.01,35.79,35.83,1108610.0,1251.0,35.91
2021-12-29 05:00:00,35.87,35.94,35.73,35.83,454180.0,1048.0,35.83
2021-12-30 05:00:00,35.86,35.96,35.68,35.71,431640.0,1142.0,35.85
2021-12-31 05:00:00,35.71,35.74,35.51,35.53,419400.0,978.0,35.61
2022-01-03 05:00:00,35.66,35.97,35.57,35.97,1986270.0,1982.0,35.87
2022-01-04 05:00:00,36.07,36.07,35.59,35.78,1495800.0,1456.0,35.75
2022-01-05 05:00:00,35.64,35.68,34.93,34.96,1474640.0,1778.0,35.28
2022-01-06 05:00:00,34.84,35.06,34.66,34.85,1121280.0,1447.0,34.93
2022-01-07 05:00:00,34.9,34.97,34.59,34.73,613230.0,1284.0,34.77
2022-01-10 05:00:00,34.41,34.79,34.01,34.76,1994410.0,2341.0,34.34
2022-01-11 05:00:00,34.73,35.08,34.52,35.08,1283920.0,1287.0,34.82
2022-01-12 05:00:00,35.2,35.38,35.1,35.21,560910.0,1138.0,35.22
2022-01-13 05:00:00,35.31,35.33,34.46,34.5,735760.0,1439.0,34.8
2022-01-14 05:00:00,34.27,34.62,34.27,34.6,617260.0,1187.0,34.51
2022-01-18 05:00:00,34.17,34.26,33.9,33.97,1062490.0,1826.0,34.04
2022-01-19 05:00:00,34.11,34.25,33.64,33.68,929380.0,2012.0,34.04
2022-01-20 05:00:00,33.83,34.19,33.27,33.29,872750.0,1568.0,33.84
2022-01-21 05:00:00,33.15,33.31,32.53,32.55,1819060.0,2558.0,32.91
2022-01-24 05:00:00,32.06,32.6,31.09,32.57,4529600.0,5019.0,31.65
2022-01-25 05:00:00,32.03,32.58,31.72,32.13,1743030.0,2072.0,32.11
2022-01-26 05:00:00,32.85,33.03,31.88,32.19,2505750.0,2817.0,32.64
2022-01-27 05:00:00,32.59,32.8,32.0,32.11,1164330.0,2072.0,32.34
2022-01-28 05:00:00,32.34,33.08,31.95,33.08,1148680.0,1537.0,32.53
2022-01-31 05:00:00,33.14,33.78,33.0,33.73,1334180.0,1732.0,33.42
2022-02-01 05:00:00,33.84,33.99,33.51,33.96,2111060.0,2265.0,33.73
2022-02-02 05:00:00,34.31,34.33,33.95,34.23,695870.0,1320.0,34.18
2022-02-03 05:00:00,33.61,33.75,33.11,33.21,1031400.0,1612.0,33.45
2022-02-04 05:00:00,33.28,33.85,33.17,33.56,1024410.0,1249.0,33.57
2022-02-07 05:00:00,33.65,33.66,33.21,33.31,536040.0,1062.0,33.49
2022-02-08 05:00:00,33.25,33.63,33.15,33.58,465420.0,886.0,33.47
2022-02-09 05:00:00,33.92,34.05,33.82,34.0,570980.0,1148.0,33.95
2022-02-10 05:00:00,33.64,33.95,33.25,33.4,944230.0,1632.0,33.55
2022-02-11 05:00:00,33.45,33.48,32.54,32.67,763490.0,1666.0,32.9
2022-02-14 05:00:00,32.58,32.83,32.37,32.65,900270.0,1595.0,32.6
2022-02-15 05:00:00,33.02,33.23,32.97,33.21,1137360.0,1490.0,33.07
2022-02-16 05:00:00,33.07,33.32,32.88,33.24,867010.0,948.0,33.0
2022-02-17 05:00:00,33.02,33.03,32.45,32.47,565640.0,1224.0,32.73
2022-02-18 05:00:00,32.49,32.59,32.03,32.18,1340790.0,1846.0,32.26
2022-02-22 05:00:00,31.91,32.24,31.52,31.79,1262230.0,1801.0,31.89
2022-02-23 05:00:00,31.99,32.11,31.15,31.17,996920.0,1781.0,31.53
2022-02-24 05:00:00,30.29,31.77,30.21,31.74,2243430.0,2912.0,30.94
2022-02-25 05:00:00,31.86,32.37,31.66,32.35,1333160.0,1962.0,32.17
2022-02-28 05:00:00,32.01,32.4,31.89,32.34,1488500.0,2474.0,32.15
2022-03-01 05:00:00,32.21,32.34,31.7,31.9,1075070.0,1841.0,32.0
2022-03-02 05:00:00,32.07,32.51,31.93,32.4,1301320.0,1911.0,32.33
2022-03-03 05:00:00,32.62,32.63,32.04,32.17,648130.0,1246.0,32.28
2022-03-04 05:00:00,31.96,31.98,31.58,31.87,617280.0,1313.0,31.79
2022-03-07 05:00:00,31.78,31.83,30.91,30.93,1064050.0,2181.0,31.18
2022-03-08 05:00:00,30.84,31.48,30.52,30.68,1774720.0,1855.0,31.09
2022-03-09 05:00:00,31.37,31.68,31.21,31.55,824060.0,1527.0,31.46
2022-03-10 05:00:00,31.28,31.49,31.04,31.43,660590.0,1066.0,31.32
2022-03-11 05:00:00,31.63,31.63,30.94,30.98,573590.0,1208.0,31.27
2022-03-14 04:00:00,30.95,31.25,30.59,30.65,571550.0,1117.0,30.81
2022-03-15 04:00:00,30.82,31.48,30.77,31.44,428020.0,918.0,31.2
2022-03-16 04:00:00,31.73,32.19,31.34,32.17,1087360.0,1716.0,31.82
2022-03-17 04:00:00,32.1,32.58,32.03,32.56,446550.0,991.0,32.26
2022-03-18 04:00:00,32.51,33.07,32.43,33.05,558970.0,1112.0,32.72
2022-03-21 04:00:00,33.03,33.18,32.76,33.07,710700.0,1256.0,33.03
2022-03-22 04:00:00,33.17,33.63,33.17,33.56,368750.0,870.0,33.46
2022-03-23 04:00:00,33.35,33.57,33.2,33.2,400540.0,933.0,33.38
2022-03-24 04:00:00,33.34,33.73,33.3,33.73,289720.0,866.0,33.5
2022-03-25 04:00:00,33.8,33.96,33.57,33.86,449520.0,807.0,33.78
2022-03-28 04:00:00,33.87,34.24,33.79,34.23,521240.0,862.0,33.97
2022-03-29 04:00:00,34.53,34.68,34.32,34.61,1005680.0,1462.0,34.45
2022-03-30 04:00:00,34.53,34.56,34.26,34.39,637940.0,878.0,34.46
2022-03-31 04:00:00,34.46,34.46,33.87,33.92,431570.0,974.0,34.23
2022-04-01 04:00:00,33.97,33.97,33.67,33.96,491430.0,1231.0,33.83
2022-04-04 04:00:00,33.99,34.44,33.99,34.41,884680.0,1328.0,34.33
2022-04-05 04:00:00,34.31,34.42,33.86,33.94,495710.0,1279.0,34.09
2022-04-06 04:00:00,33.55,33.61,33.23,33.43,460460.0,1400.0,33.41
2022-04-07 04:00:00,33.36,33.74,33.19,33.56,402100.0,1143.0,33.48
2022-04-08 04:00:00,33.5,33.62,33.29,33.36,352040.0,958.0,33.44
2022-04-11 04:00:00,33.08,33.08,32.59,32.64,969220.0,1220.0,32.79
2022-04-12 04:00:00,33.0,33.08,32.4,32.52,869530.0,1023.0,32.73
2022-04-13 04:00:00,32.48,32.97,32.43,32.89,1147960.0,1124.0,32.67
2022-04-14 04:00:00,32.86,32.93,32.33,32.34,317800.0,889.0,32.57
2022-04-18 04:00:00,32.22,32.53,32.19,32.38,386860.0,1042.0,32.39
2022-04-19 04:00:00,32.36,32.97,32.31,32.91,316660.0,831.0,32.82
2022-04-20 04:00:00,33.0,33.0,32.58,32.64,436140.0,1004.0,32.74
2022-04-21 04:00:00,32.99,33.15,32.12,32.2,532320.0,1167.0,32.49
2022-04-22 04:00:00,32.2,32.23,31.3,31.32,484760.0,1333.0,31.62
2022-04-25 04:00:00,31.12,31.62,30.87,31.6,1872310.0,2362.0,31.2
2022-04-26 04:00:00,31.43,31.43,30.55,30.58,790370.0,1702.0,30.89
2022-04-27 04:00:00,30.69,31.09,30.5,30.64,574550.0,1219.0,30.77
2022-04-28 04:00:00,31.08,31.77,30.84,31.6,1048580.0,1708.0,31.51
2022-04-29 04:00:00,31.22,31.36,30.26,30.29,1074150.0,1582.0,30.81
2022-05-02 04:00:00,30.27,30.62,29.87,30.59,905980.0,1669.0,30.24
2022-05-03 04:00:00,30.58,30.84,30.49,30.64,566740.0,1210.0,30.69
2022-05-04 04:00:00,30.65,31.66,30.39,31.61,1481440.0,2046.0,30.98
2022-05-05 04:00:00,31.25,31.25,30.0,30.3,826790.0,1535.0,30.31
2022-05-06 04:00:00,30.1,30.49,29.78,30.19,1233260.0,1870.0,30.15
2022-05-09 04:00:00,29.66,29.74,29.1,29.23,1408500.0,2320.0,29.4
2022-05-10 04:00:00,29.76,29.84,29.16,29.43,1134890.0,1848.0,29.51
2022-05-11 04:00:00,29.28,29.67,28.74,28.8,1553910.0,1906.0,29.02
2022-05-12 04:00:00,28.41,28.99,28.11,28.66,1736870.0,2469.0,28.47
2022-05-13 04:00:00,29.02,29.48,28.97,29.38,816900.0,1771.0,29.3
2022-05-16 04:00:00,29.28,29.57,29.11,29.26,789090.0,1503.0,29.29
2022-05-17 04:00:00,29.75,29.85,29.44,29.83,622800.0,1092.0,29.73
2022-05-18 04:00:00,29.49,29.49,28.47,28.54,666220.0,1058.0,28.69
2022-05-19 04:00:00,28.29,28.59,28.18,28.26,751680.0,1309.0,28.33
2022-05-20 04:00:00,28.55,28.65,27.6,28.26,1835410.0,1637.0,28.02
2022-05-23 04:00:00,28.48,28.92,28.35,28.88,989210.0,1206.0,28.76
2022-05-24 04:00:00,28.47,28.64,28.07,28.53,767970.0,1226.0,28.44
2022-05-25 04:00:00,28.35,28.95,28.35,28.78,629850.0,1304.0,28.65
2022-05-26 04:00:00,28.78,29.47,28.78,29.35,375720.0,1022.0,29.25
2022-05-27 04:00:00,29.57,30.1,29.57,30.1,409700.0,1009.0,29.87
2022-05-31 04:00:00,30.05,30.27,29.75,30.0,473420.0,945.0,30.01
2022-06-01 04:00:00,30.21,30.37,29.72,29.87,723600.0,1119.0,29.98
2022-06-02 04:00:00,29.75,30.43,29.63,30.42,807190.0,1518.0,30.02
2022-06-03 04:00:00,30.12,30.12,29.73,29.78,350160.0,919.0,29.87
2022-06-06 04:00:00,30.11,30.3,29.81,29.89,255510.0,1170.0,30.03
2022-06-07 04:00:00,29.59,30.2,29.59,30.16,495610.0,1000.0,29.95
2022-06-08 04:00:00,30.06,30.23,29.89,29.95,246740.0,812.0,30.03
2022-06-09 04:00:00,29.83,30.03,29.21,29.21,409480.0,931.0,29.67
2022-06-10 04:00:00,28.76,28.76,28.28,28.3,761460.0,1548.0,28.43
2022-06-13 04:00:00,27.53,27.67,27.09,27.19,1189800.0,1916.0,27.39
2022-06-14 04:00:00,27.32,27.38,26.93,27.14,688240.0,1005.0,27.18
2022-06-15 04:00:00,27.38,27.98,27.14,27.65,938200.0,1383.0,27.54
2022-06-16 04:00:00,27.03,27.03,26.6,26.82,845760.0,1493.0,26.82
2022-06-17 04:00:00,26.8,27.13,26.64,26.91,1302130.0,1667.0,26.92
2022-06-21 04:00:00,27.31,27.81,27.31,27.66,1406600.0,1227.0,27.7
2022-06-22 04:00:00,27.39,28.0,27.37,27.66,682590.0,1127.0,27.77
2022-06-23 04:00:00,27.85,28.03,27.59,27.99,845580.0,1292.0,27.81
2022-06-24 04:00:00,28.23,28.86,28.23,28.84,617210.0,1124.0,28.58
2022-06-27 04:00:00,28.98,28.98,28.61,28.7,445780.0,846.0,28.72
2022-06-28 04:00:00,28.77,28.98,27.97,27.98,562470.0,976.0,28.27
2022-06-29 04:00:00,28.01,28.21,27.89,28.07,431880.0,979.0,28.03
2022-06-30 04:00:00,27.76,27.99,27.39,27.75,890170.0,1415.0,27.71
2022-07-01 04:00:00,27.66,28.01,27.46,27.98,688170.0,1277.0,27.76
2022-07-05 04:00:00,27.64,28.24,27.48,28.23,375790.0,826.0,27.88
2022-07-06 04:00:00,28.27,28.56,28.14,28.38,510840.0,902.0,28.33
2022-07-07 04:00:00,28.52,28.92,28.48,28.86,651010.0,1652.0,28.82
2022-07-08 04:00:00,28.68,29.01,28.64,28.9,477700.0,913.0,28.87
2022-07-11 04:00:00,28.69,28.7,28.42,28.48,437160.0,910.0,28.54
2022-07-12 04:00:00,28.59,28.65,28.04,28.18,271010.0,748.0,28.26
2022-07-13 04:00:00,27.74,28.27,27.72,28.07,659640.0,1417.0,28.03
2022-07-14 04:00:00,27.75,28.14,27.51,28.12,433940.0,1079.0,27.83
2022-07-15 04:00:00,28.43,28.63,28.39,28.62,482890.0,1133.0,28.54
2022-07-18 04:00:00,28.86,28.91,28.25,28.33,320900.0,697.0,28.72
2022-07-19 04:00:00,28.66,29.09,28.52,29.07,1575860.0,2044.0,28.72
2022-07-20 04:00:00,29.1,29.43,29.02,29.29,1287700.0,1970.0,29.32
2022-07-21 04:00:00,29.31,29.65,29.07,29.65,605910.0,1044.0,29.42
2022-07-22 04:00:00,29.62,29.67,29.11,29.23,678060.0,1235.0,29.37
2022-07-25 04:00:00,29.27,29.27,29.05,29.19,507040.0,950.0,29.16
2022-07-26 04:00:00,29.03,29.04,28.68,28.75,523530.0,956.0,28.81
2022-07-27 04:00:00,29.12,29.83,29.12,29.69,852630.0,1346.0,29.54
2022-07-28 04:00:00,29.71,30.03,29.37,29.95,376010.0,732.0,29.79
2022-07-29 04:00:00,30.19,30.56,30.09,30.51,571600.0,1219.0,30.38
2022-08-01 04:00:00,30.31,30.67,30.28,30.39,549280.0,1052.0,30.4
2022-08-02 04:00:00,30.24,30.53,30.08,30.18,596430.0,974.0,30.27
2022-08-03 04:00:00,30.34,30.85,30.34,30.76,469070.0,897.0,30.65
2022-08-04 04:00:00,30.77,30.82,30.56,30.74,500330.0,928.0,30.72
2022-08-05 04:00:00,30.37,30.71,30.37,30.6,315380.0,719.0,30.53
2022-08-08 04:00:00,30.69,30.92,30.42,30.48,600750.0,914.0,30.62
2022-08-09 04:00:00,30.41,30.43,30.28,30.36,195670.0,718.0,30.35
2022-08-10 04:00:00,30.95,31.03,30.74,31.03,1123380.0,949.0,30.97
2022-08-11 04:00:00,31.25,31.28,30.86,30.92,356850.0,984.0,31.05
2022-08-12 04:00:00,31.13,31.46,30.98,31.46,428910.0,834.0,31.18
2022-08-15 04:00:00,31.34,31.67,31.34,31.65,302650.0,854.0,31.58
2022-08-16 04:00:00,31.55,31.85,31.51,31.68,322320.0,868.0,31.64
2022-08-17 04:00:00,31.43,31.71,31.35,31.49,594740.0,1176.0,31.49
2022-08-18 04:00:00,31.48,31.6,31.36,31.55,246130.0,654.0,31.51
2022-08-19 04:00:00,31.37,31.37,31.05,31.1,734220.0,883.0,31.12
2022-08-22 04:00:00,30.7,30.7,30.33,30.4,904270.0,995.0,30.57
2022-08-23 04:00:00,30.33,30.51,30.27,30.31,269280.0,878.0,30.37
2022-08-24 04:00:00,30.26,30.47,30.26,30.36,243280.0,739.0,30.37
2022-08-25 04:00:00,30.46,30.79,30.4,30.78,279820.0,743.0,30.55
2022-08-26 04:00:00,30.77,30.82,29.68,29.69,712180.0,1425.0,30.11
2022-08-29 04:00:00,29.45,29.64,29.33,29.42,546610.0,902.0,29.49
2022-08-30 04:00:00,29.52,29.59,28.91,29.1,471620.0,1168.0,29.11
2022-08-31 04:00:00,29.24,29.33,28.85,28.85,460870.0,1016.0,29.07
2022-09-01 04:00:00,28.64,28.99,28.48,28.96,706770.0,1203.0,28.67
2022-09-02 04:00:00,29.26,29.33,28.47,28.59,682470.0,1418.0,28.87
2022-09-06 04:00:00,28.67,28.74,28.31,28.47,569800.0,1272.0,28.5
2022-09-07 04:00:00,28.48,28.94,28.46,28.9,763540.0,1002.0,28.69
2022-09-08 04:00:00,28.69,29.1,28.61,29.03,922670.0,1763.0,28.84
2022-09-09 04:00:00,29.23,29.59,29.2,29.56,319010.0,938.0,29.44
2022-09-12 04:00:00,29.71,29.96,29.71,29.92,741820.0,1285.0,29.87
2022-09-13 04:00:00,29.25,29.31,28.41,28.49,853440.0,1585.0,28.9
2022-09-14 04:00:00,28.6,28.77,28.43,28.67,479620.0,986.0,28.59
2022-09-15 04:00:00,28.52,28.72,28.18,28.29,603950.0,1105.0,28.37
2022-09-16 04:00:00,28.0,28.18,27.85,28.14,722570.0,1303.0,28.02
2022-09-19 04:00:00,27.85,28.35,27.85,28.33,545100.0,1082.0,28.11
2022-09-20 04:00:00,28.1,28.28,27.92,28.12,508130.0,1172.0,28.08
2022-09-21 04:00:00,28.24,28.47,27.61,27.61,1781350.0,2632.0,28.09
2022-09-22 04:00:00,27.53,27.75,27.4,27.49,909580.0,1685.0,27.51
2022-09-23 04:00:00,27.26,27.26,26.73,27.04,1672010.0,2079.0,26.97
2022-09-26 04:00:00,26.87,27.27,26.8,26.88,1362180.0,2012.0,26.97
2022-09-27 04:00:00,27.16,27.36,26.65,26.82,1205200.0,2132.0,26.91
2022-09-28 04:00:00,26.79,27.37,26.67,27.26,1238600.0,2053.0,26.97
2022-09-29 04:00:00,26.94,26.94,26.36,26.61,1483510.0,2302.0,26.53
2022-09-30 04:00:00,26.51,26.82,26.13,26.15,2394760.0,2647.0,26.45
2022-10-03 04:00:00,26.34,26.85,26.24,26.71,1108410.0,2055.0,26.61
2022-10-04 04:00:00,27.17,27.52,27.16,27.48,1056050.0,1638.0,27.42
2022-10-05 04:00:00,27.13,27.61,26.98,27.46,731610.0,1364.0,27.32
2022-10-06 04:00:00,27.36,27.62,27.22,27.25,1351770.0,1811.0,27.38
2022-10-07 04:00:00,26.9,26.9,26.26,26.39,812730.0,1475.0,26.5
2022-10-10 04:00:00,26.42,26.44,25.95,26.15,990000.0,1275.0,26.16
2022-10-11 04:00:00,25.98,26.32,25.78,25.91,909240.0,1298.0,26.01
2022-10-12 04:00:00,25.92,26.12,25.89,25.89,691530.0,1021.0,26.0
2022-10-13 04:00:00,25.34,26.71,25.3,26.61,2256590.0,2807.0,26.19
2022-10-14 04:00:00,26.79,26.86,25.99,26.02,1213120.0,1724.0,26.3
2022-10-17 04:00:00,26.48,26.85,26.48,26.77,714290.0,1073.0,26.72
2022-10-18 04:00:00,27.36,27.4,26.77,27.02,649130.0,1133.0,27.03
2022-10-19 04:00:00,26.86,27.08,26.66,26.88,319500.0,803.0,26.86
2022-10-20 04:00:00,26.76,27.19,26.64,26.7,751980.0,1340.0,27.01
2022-10-21 04:00:00,26.59,27.38,26.56,27.34,822240.0,1306.0,26.97
2022-10-24 04:00:00,27.41,27.77,27.22,27.69,767940.0,1161.0,27.59
2022-10-25 04:00:00,27.7,28.11,27.7,28.1,591000.0,1130.0,28.02
2022-10-26 04:00:00,27.55,28.05,27.55,27.61,654210.0,1360.0,27.7
2022-10-27 04:00:00,27.58,27.65,27.18,27.2,513510.0,1175.0,27.4
2022-10-28 04:00:00,27.13,27.97,27.13,27.93,506800.0,1491.0,27.62
2022-10-31 04:00:00,27.7,27.79,27.61,27.68,675570.0,1256.0,27.69
2022-11-01 04:00:00,27.95,27.95,27.35,27.41,546940.0,1021.0,27.5
2022-11-02 04:00:00,27.37,27.67,26.64,26.65,989270.0,2486.0,27.16
2022-11-03 04:00:00,26.36,26.44,26.19,26.19,633810.0,998.0,26.3
2022-11-04 04:00:00,26.64,26.73,26.06,26.55,737950.0,975.0,26.39
2022-11-07 05:00:00,26.64,26.88,26.52,26.84,388740.0,971.0,26.74
2022-11-08 05:00:00,26.96,27.16,26.67,26.94,327160.0,1079.0,26.95
2022-11-09 05:00:00,26.79,26.83,26.27,26.31,539360.0,1181.0,26.6
2022-11-10 05:00:00,27.33,27.91,27.15,27.89,831240.0,1524.0,27.65
2022-11-11 05:00:00,27.92,28.27,27.78,28.24,451910.0,748.0,28.08
2022-11-14 05:00:00,28.09,28.36,28.01,28.04,598020.0,892.0,28.23
2022-11-15 05:00:00,28.55,28.61,27.99,28.26,796870.0,1402.0,28.25
2022-11-16 05:00:00,28.11,28.22,28.03,28.07,313070.0,787.0,28.11
2022-11-17 05:00:00,27.81,28.13,27.78,28.05,240820.0,754.0,27.98
2022-11-18 05:00:00,28.31,28.31,27.93,28.11,415320.0,838.0,28.06
2022-11-21 05:00:00,28.0,28.07,27.84,27.91,250650.0,805.0,27.92
2022-11-22 05:00:00,27.98,28.3,27.9,28.3,683100.0,926.0,28.16
2022-11-23 05:00:00,28.29,28.58,28.29,28.55,427700.0,912.0,28.47
2022-11-25 05:00:00,28.46,28.52,28.44,28.48,60630.0,444.0,28.49
2022-11-28 05:00:00,28.25,28.37,27.98,28.04,334690.0,958.0,28.21
2022-11-29 05:00:00,28.05,28.06,27.75,27.88,397900.0,739.0,27.89
2022-11-30 05:00:00,27.88,28.94,27.82,28.94,813050.0,1303.0,28.38
2022-12-01 05:00:00,29.0,29.04,28.71,28.91,592340.0,1240.0,28.9
2022-12-02 05:00:00,28.48,28.87,28.48,28.82,411320.0,955.0,28.66
2022-12-05 05:00:00,28.62,28.73,28.21,28.33,392950.0,1357.0,28.51
2022-12-06 05:00:00,28.27,28.31,27.69,27.81,220470.0,717.0,27.86
2022-12-07 05:00:00,27.68,27.87,27.61,27.73,502810.0,1047.0,27.72
2022-12-08 05:00:00,27.82,28.02,27.69,27.97,148360.0,598.0,27.89
2022-12-09 05:00:00,27.84,28.12,27.78,27.81,181580.0,657.0,27.9
2022-12-12 05:00:00,27.83,28.19,27.83,28.19,264260.0,785.0,28.06
2022-12-13 05:00:00,28.94,29.06,28.22,28.41,781970.0,1739.0,28.56
2022-12-14 05:00:00,28.34,28.67,28.0,28.26,447320.0,1203.0,28.39
2022-12-15 05:00:00,27.8,27.87,27.36,27.5,886090.0,1338.0,27.51
2022-12-16 05:00:00,27.34,27.44,27.04,27.15,382600.0,911.0,27.16
2022-12-19 05:00:00,27.13,27.13,26.77,26.87,507810.0,766.0,26.83
2022-12-20 05:00:00,26.76,27.01,26.73,26.89,310490.0,858.0,26.91
2022-12-21 05:00:00,27.05,27.38,27.04,27.29,824870.0,732.0,27.27
2022-12-22 05:00:00,27.01,27.01,26.42,26.83,355800.0,947.0,26.7
2022-12-23 05:00:00,26.73,26.97,26.6,26.95,490220.0,939.0,26.83
2022-12-27 05:00:00,26.89,26.89,26.7,26.73,407570.0,868.0,26.78
2022-12-28 05:00:00,26.68,26.87,26.41,26.41,361660.0,734.0,26.64
2022-12-29 05:00:00,26.65,27.0,26.65,26.94,1174930.0,1412.0,26.95
2022-12-30 05:00:00,26.7,26.91,26.6,26.9,545990.0,878.0,26.74
2023-01-03 05:00:00,27.05,27.19,26.53,26.74,364020.0,851.0,26.71
2023-01-04 05:00:00,26.83,26.96,26.53,26.81,444850.0,1064.0,26.76
2023-01-05 05:00:00,26.64,26.67,26.43,26.47,309250.0,1026.0,26.52
2023-01-06 05:00:00,26.63,27.12,26.39,27.05,422080.0,985.0,26.82
2023-01-09 05:00:00,27.21,27.53,27.03,27.07,284480.0,850.0,27.33
2023-01-10 05:00:00,26.99,27.24,26.96,27.22,371400.0,816.0,27.13
2023-01-11 05:00:00,27.32,27.65,27.32,27.65,256430.0,640.0,27.45
2023-01-12 05:00:00,27.59,27.84,27.41,27.75,282010.0,908.0,27.72
2023-01-13 05:00:00,27.54,27.92,27.54,27.9,270770.0,556.0,27.79
2023-01-17 05:00:00,27.88,28.03,27.83,27.88,293800.0,994.0,27.92
2023-01-18 05:00:00,27.98,28.06,27.44,27.46,487810.0,1203.0,27.62
2023-01-19 05:00:00,27.29,27.47,27.21,27.33,200250.0,832.0,27.33
2023-01-20 05:00:00,27.46,27.92,27.36,27.91,491550.0,976.0,27.67
2023-01-23 05:00:00,27.98,28.43,27.94,28.29,328750.0,931.0,28.29
2023-01-24 05:00:00,28.08,28.29,27.87,28.24,247950.0,1190.0,28.21
2023-01-25 05:00:00,27.92,28.25,27.74,28.22,331850.0,980.0,27.97
2023-01-26 05:00:00,28.46,28.64,28.3,28.64,447010.0,714.0,28.37
2023-01-27 05:00:00,28.59,28.98,28.59,28.79,256830.0,909.0,28.79
2023-01-30 05:00:00,28.54,28.69,28.32,28.33,390310.0,966.0,28.51
2023-01-31 05:00:00,28.36,28.75,28.36,28.75,235220.0,886.0,28.58
2023-02-01 05:00:00,28.75,29.33,28.48,29.12,983960.0,2291.0,28.79
2023-02-02 05:00:00,29.59,29.92,29.49,29.82,433700.0,1351.0,29.68
2023-02-03 05:00:00,29.38,29.97,29.38,29.54,465760.0,1246.0,29.71
2023-02-06 05:00:00,29.3,29.46,29.22,29.33,192010.0,796.0,29.34
2023-02-07 05:00:00,29.28,29.88,29.28,29.84,433640.0,1193.0,29.63
2023-02-08 05:00:00,29.7,29.77,29.38,29.43,216860.0,945.0,29.5
2023-02-09 05:00:00,29.71,29.71,29.07,29.16,215900.0,773.0,29.29
2023-02-10 05:00:00,29.09,29.14,28.94,29.12,199130.0,769.0,29.06
2023-02-13 05:00:00,29.19,29.51,29.18,29.5,284580.0,701.0,29.44
2023-02-14 05:00:00,29.35,29.68,29.24,29.56,418230.0,881.0,29.44
2023-02-15 05:00:00,29.42,29.63,29.34,29.61,496920.0,926.0,29.46
2023-02-16 05:00:00,29.22,29.54,29.14,29.14,319650.0,862.0,29.39
2023-02-17 05:00:00,28.98,29.06,28.79,29.03,176190.0,748.0,28.9
2023-02-21 05:00:00,28.67,28.81,28.43,28.43,275500.0,846.0,28.53
2023-02-22 05:00:00,28.45,28.58,28.34,28.43,338400.0,908.0,28.43
2023-02-23 05:00:00,28.68,28.73,28.31,28.62,445840.0,842.0,28.45
2023-02-24 05:00:00,28.22,28.3,28.07,28.26,246580.0,920.0,28.19
2023-02-27 05:00:00,28.47,28.55,28.35,28.4,255510.0,775.0,28.41
2023-02-28 05:00:00,28.37,28.5,28.26,28.32,173510.0,605.0,28.41
2023-03-01 05:00:00,28.29,28.29,28.08,28.14,206090.0,848.0,28.2
2023-03-02 05:00:00,27.96,28.35,27.96,28.34,145240.0,562.0,28.16
2023-03-03 05:00:00,28.48,28.88,28.48,28.88,152720.0,840.0,28.76
2023-03-06 05:00:00,29.02,29.22,28.97,28.99,203500.0,773.0,29.11
2023-03-07 05:00:00,28.96,28.98,28.55,28.56,244270.0,711.0,28.71
2023-03-08 05:00:00,28.6,28.64,28.42,28.58,3715820.0,3831.0,28.5
2023-03-09 05:00:00,28.6,28.82,28.06,28.12,342660.0,1165.0,28.38
2023-03-10 05:00:00,28.05,28.29,27.73,27.84,1480160.0,2350.0,27.93
2023-03-13 04:00:00,27.57,28.32,27.57,27.96,627630.0,1731.0,27.99
2023-03-14 04:00:00,28.31,28.54,28.17,28.51,403240.0,1075.0,28.38
2023-03-15 04:00:00,28.2,28.56,28.11,28.54,1085530.0,2315.0,28.32
2023-03-16 04:00:00,28.42,29.14,28.41,29.14,752090.0,1575.0,28.98
2023-03-17 04:00:00,29.17,29.25,28.82,28.96,428550.0,1111.0,28.99
2023-03-20 04:00:00,28.97,29.12,28.85,29.11,697320.0,1645.0,28.98
2023-03-21 04:00:00,29.28,29.55,29.21,29.54,341720.0,993.0,29.38
2023-03-22 04:00:00,29.57,29.88,29.14,29.14,531330.0,1339.0,29.61
2023-03-23 04:00:00,29.43,29.73,29.15,29.37,471590.0,1329.0,29.42
2023-03-24 04:00:00,29.26,29.51,29.11,29.5,445790.0,1183.0,29.34
2023-03-27 04:00:00,29.6,29.67,29.4,29.45,510800.0,1277.0,29.53
2023-03-28 04:00:00,29.29,29.32,29.18,29.31,401410.0,857.0,29.27
2023-03-29 04:00:00,29.57,29.73,29.53,29.71,228780.0,931.0,29.63
2023-03-30 04:00:00,29.83,29.92,29.8,29.91,531940.0,1144.0,29.86
2023-03-31 04:00:00,29.97,30.36,29.96,30.36,366060.0,986.0,30.17
2023-04-03 04:00:00,30.21,30.49,30.21,30.48,223080.0,760.0,30.35
2023-04-04 04:00:00,30.56,30.58,30.34,30.42,404700.0,869.0,30.41
2023-04-05 04:00:00,30.43,30.43,30.18,30.33,398100.0,948.0,30.3
2023-04-06 04:00:00,30.28,30.56,30.17,30.53,166320.0,695.0,30.45
2023-04-10 04:00:00,30.32,30.45,30.16,30.45,208090.0,845.0,30.29
2023-04-11 04:00:00,30.5,30.5,30.31,30.31,211470.0,708.0,30.4
2023-04-12 04:00:00,30.44,30.53,30.14,30.18,221010.0,838.0,30.35
2023-04-13 04:00:00,30.27,30.75,30.27,30.74,475530.0,748.0,30.61
2023-04-14 04:00:00,30.74,30.83,30.51,30.72,338490.0,928.0,30.66
2023-04-17 04:00:00,30.67,30.75,30.55,30.75,223400.0,796.0,30.64
2023-04-18 04:00:00,30.86,30.88,30.67,30.76,1179540.0,1379.0,30.71
2023-04-19 04:00:00,30.62,30.79,30.59,30.76,237390.0,758.0,30.75
2023-04-20 04:00:00,30.41,30.68,30.41,30.53,261220.0,812.0,30.54
2023-04-21 04:00:00,30.61,30.61,30.45,30.61,183560.0,764.0,30.57
2023-04-24 04:00:00,30.67,30.67,30.44,30.59,443850.0,737.0,30.51
2023-04-25 04:00:00,30.44,30.53,30.12,30.14,138410.0,676.0,30.28
2023-04-26 04:00:00,30.37,30.46,30.17,30.19,168500.0,669.0,30.31
2023-04-27 04:00:00,30.43,30.92,30.43,30.91,322140.0,779.0,30.71
2023-04-28 04:00:00,30.93,31.13,30.84,31.13,388030.0,910.0,31.03
2023-05-01 04:00:00,31.08,31.24,31.08,31.12,1051270.0,1279.0,31.2
2023-05-02 04:00:00,31.13,31.13,30.65,30.84,433280.0,1074.0,30.86
2023-05-03 04:00:00,30.81,31.04,30.65,30.65,442050.0,1087.0,30.81
2023-05-04 04:00:00,30.56,30.59,30.38,30.46,674420.0,1276.0,30.49
2023-05-05 04:00:00,30.82,31.15,30.72,31.08,902210.0,946.0,30.93
2023-05-08 04:00:00,31.1,31.16,31.02,31.14,264380.0,739.0,31.11
2023-05-09 04:00:00,31.06,31.06,30.97,30.97,232270.0,804.0,31.02
2023-05-10 04:00:00,31.15,31.29,30.96,31.21,312110.0,1071.0,31.13
2023-05-11 04:00:00,31.15,31.29,31.07,31.24,433690.0,1514.0,31.22
2023-05-12 04:00:00,31.37,31.37,30.97,31.17,555880.0,1772.0,31.14
2023-05-15 04:00:00,31.24,31.24,31.11,31.22,334500.0,970.0,31.18
2023-05-16 04:00:00,31.09,31.34,31.09,31.21,291030.0,830.0,31.27
2023-05-17 04:00:00,31.38,31.58,31.24,31.56,482820.0,1426.0,31.43
2023-05-18 04:00:00,31.61,31.94,31.55,31.92,553900.0,1432.0,31.79
2023-05-19 04:00:00,32.0,32.01,31.8,31.89,346690.0,947.0,31.89
2023-05-22 04:00:00,31.9,32.01,31.84,31.89,377530.0,963.0,31.95
2023-05-23 04:00:00,31.75,31.83,31.52,31.55,229850.0,825.0,31.66
2023-05-24 04:00:00,31.46,31.53,31.29,31.41,448970.0,998.0,31.37
2023-05-25 04:00:00,31.92,32.01,31.72,31.93,552180.0,1372.0,31.89
2023-05-26 04:00:00,32.03,32.52,31.97,32.47,417640.0,1100.0,32.38
2023-05-30 04:00:00,32.73,32.73,32.43,32.53,391940.0,1042.0,32.59
2023-05-31 04:00:00,32.43,32.51,32.27,32.38,365340.0,1019.0,32.38
2023-06-01 04:00:00,32.35,32.81,32.35,32.73,346220.0,1067.0,32.66
2023-06-02 04:00:00,32.99,33.13,32.86,33.08,1072280.0,1488.0,32.97
2023-06-05 04:00:00,33.13,33.27,32.96,33.03,757880.0,1346.0,33.12
2023-06-06 04:00:00,33.02,33.08,32.9,33.05,1360600.0,1456.0,33.02
2023-06-07 04:00:00,33.08,33.2,32.64,32.68,1374430.0,1517.0,32.97
2023-06-08 04:00:00,32.65,33.0,32.65,32.97,926680.0,1189.0,32.95
2023-06-09 04:00:00,33.11,33.31,33.04,33.08,218760.0,937.0,33.14
2023-06-12 04:00:00,33.27,33.48,33.13,33.48,698220.0,1347.0,33.33
2023-06-13 04:00:00,33.67,33.68,33.48,33.64,790430.0,1186.0,33.63
2023-06-14 04:00:00,33.71,33.79,33.46,33.76,383510.0,1224.0,33.7
2023-06-15 04:00:00,33.71,34.28,33.66,34.17,593860.0,1329.0,33.96
2023-06-16 04:00:00,34.45,34.45,33.99,34.02,262440.0,1003.0,34.22
2023-06-20 04:00:00,33.83,34.03,33.75,33.96,237610.0,956.0,33.92
2023-06-21 04:00:00,33.9,33.9,33.59,33.64,301370.0,1231.0,33.68
2023-06-22 04:00:00,33.49,33.96,33.49,33.94,546920.0,1431.0,33.77
2023-06-23 04:00:00,33.68,33.86,33.62,33.71,365730.0,1061.0,33.74
2023-06-26 04:00:00,33.66,33.75,33.3,33.3,270270.0,1161.0,33.45
2023-06-27 04:00:00,33.39,33.74,33.39,33.7,240160.0,804.0,33.61
2023-06-28 04:00:00,33.64,33.87,33.6,33.75,447690.0,989.0,33.74
2023-06-29 04:00:00,33.74,33.82,33.65,33.81,328720.0,953.0,33.76
2023-06-30 04:00:00,34.17,34.34,34.07,34.29,288880.0,1161.0,34.28
2023-07-03 04:00:00,34.31,34.34,34.25,34.32,627750.0,837.0,34.29
2023-07-05 04:00:00,34.17,34.44,34.17,34.33,590320.0,1512.0,34.33
2023-07-06 04:00:00,33.99,34.12,33.89,34.08,366520.0,1031.0,34.02
2023-07-07 04:00:00,34.03,34.25,33.89,33.89,522830.0,1038.0,34.15
2023-07-10 04:00:00,33.87,33.87,33.58,33.78,323420.0,1284.0,33.7
2023-07-11 04:00:00,33.81,33.95,33.68,33.91,709630.0,1346.0,33.81
2023-07-12 04:00:00,34.19,34.4,34.15,34.29,595000.0,1441.0,34.28
2023-07-13 04:00:00,34.56,34.73,34.48,34.67,480460.0,882.0,34.62
2023-07-14 04:00:00,34.79,34.98,34.67,34.74,569060.0,1392.0,34.84
2023-07-17 04:00:00,34.75,34.97,34.73,34.91,215779.0,1690.0,34.86
2023-07-18 04:00:00,34.87,35.3,34.78,35.18,533937.0,3184.0,35.11
2023-07-19 04:00:00,35.3,35.42,35.17,35.25,469052.0,1635.0,35.28
2023-07-20 04:00:00,35.08,35.26,34.72,34.79,542721.0,2222.0,34.97
2023-07-21 04:00:00,34.99,34.99,34.74,34.76,403741.0,2892.0,34.84
2023-07-24 04:00:00,34.86,35.02,34.79,34.94,372112.0,2001.0,34.95
2023-07-25 04:00:00,34.99,35.21,34.96,35.09,281712.0,1784.0,35.1
2023-07-26 04:00:00,34.97,35.16,34.86,35.04,384285.0,3034.0,34.97
2023-07-27 04:00:00,35.4,35.51,34.78,34.86,462946.0,3377.0,35.21
2023-07-28 04:00:00,35.13,35.44,35.12,35.36,296969.0,2056.0,35.3
2023-07-31 04:00:00,35.39,35.43,35.28,35.4,350126.0,2715.0,35.35
2023-08-01 04:00:00,35.35,35.36,35.2,35.3,577328.0,2990.0,35.3
2023-08-02 04:00:00,35.03,35.03,34.6,34.69,578229.0,3702.0,34.77
2023-08-03 04:00:00,34.52,34.82,34.47,34.66,390894.0,2823.0,34.67
2023-08-04 04:00:00,34.86,35.03,34.46,34.51,463230.0,3261.0,34.79
2023-08-07 04:00:00,34.65,34.8,34.51,34.8,362877.0,2304.0,34.68
2023-08-08 04:00:00,34.62,34.7,34.41,34.67,358359.0,3309.0,34.55
2023-08-09 04:00:00,34.68,34.72,34.23,34.3,508823.0,2239.0,34.43
2023-08-10 04:00:00,34.53,34.81,34.23,34.34,317065.0,2795.0,34.48
2023-08-11 04:00:00,34.16,34.36,34.09,34.29,445283.0,3230.0,34.23
2023-08-14 04:00:00,34.19,34.61,34.17,34.61,221808.0,2093.0,34.43
2023-08-15 04:00:00,34.51,34.59,34.19,34.26,240763.0,2603.0,34.37
2023-08-16 04:00:00,34.17,34.37,33.97,33.97,341861.0,3044.0,34.15
2023-08-17 04:00:00,34.08,34.13,33.67,33.74,319490.0,2969.0,33.92
2023-08-18 04:00:00,33.46,33.8,33.36,33.69,544424.0,3523.0,33.57
2023-08-21 04:00:00,33.84,34.14,33.72,34.1,408475.0,3161.0,34.0
2023-08-22 04:00:00,34.32,34.32,33.95,34.01,374793.0,2517.0,34.1
2023-08-23 04:00:00,34.07,34.54,34.07,34.46,381578.0,2969.0,34.39
2023-08-24 04:00:00,34.71,34.73,33.89,33.91,497377.0,3747.0,34.25
2023-08-25 04:00:00,34.01,34.28,33.71,34.16,421068.0,3740.0,34.0
2023-08-28 04:00:00,34.35,34.39,34.13,34.36,257091.0,1991.0,34.26
2023-08-29 04:00:00,34.34,34.97,34.33,34.95,304204.0,2557.0,34.79
2023-08-30 04:00:00,35.0,35.17,34.89,35.11,329219.0,2301.0,35.09
2023-08-31 04:00:00,35.18,35.33,35.1,35.14,357889.0,2485.0,35.21
2023-09-01 04:00:00,35.38,35.38,35.0,35.13,439352.0,2173.0,35.11
2023-09-05 04:00:00,35.15,35.24,35.05,35.16,506000.0,3094.0,35.17
2023-09-06 04:00:00,35.09,35.09,34.61,34.81,504226.0,3028.0,34.8
2023-09-07 04:00:00,34.47,34.72,34.38,34.67,655719.0,2771.0,34.6
2023-09-08 04:00:00,34.68,34.88,34.66,34.76,237927.0,1868.0,34.78
2023-09-11 04:00:00,35.05,35.13,34.86,35.12,360069.0,2941.0,35.01
2023-09-12 04:00:00,34.96,35.01,34.74,34.8,226600.0,1977.0,34.86
2023-09-13 04:00:00,34.78,35.04,34.74,34.94,247188.0,2251.0,34.92
2023-09-14 04:00:00,35.15,35.25,34.96,35.18,267752.0,2022.0,35.15
2023-09-15 04:00:00,35.13,35.13,34.64,34.68,306273.0,2956.0,34.79
2023-09-18 04:00:00,34.63,34.8,34.6,34.73,245991.0,2108.0,34.72
2023-09-19 04:00:00,34.64,34.72,34.43,34.68,185444.0,1632.0,34.56
2023-09-20 04:00:00,34.71,34.73,34.17,34.2,1009725.0,2514.0,34.53
2023-09-21 04:00:00,33.91,33.98,33.64,33.65,373456.0,2619.0,33.83
2023-09-22 04:00:00,33.79,33.93,33.55,33.61,444013.0,2747.0,33.77
2023-09-25 04:00:00,33.51,33.77,33.43,33.77,629274.0,2838.0,33.66
2023-09-26 04:00:00,33.5,33.54,33.16,33.24,793720.0,4747.0,33.3
2023-09-27 04:00:00,33.29,33.37,32.91,33.22,852004.0,4343.0,33.14
2023-09-28 04:00:00,33.12,33.55,33.08,33.4,395174.0,3429.0,33.33
2023-09-29 04:00:00,33.71,33.73,33.27,33.38,475163.0,3885.0,33.48
2023-10-02 04:00:00,33.35,33.67,33.33,33.62,571267.0,3296.0,33.49
2023-10-03 04:00:00,33.46,33.57,33.01,33.13,676949.0,3563.0,33.14
2023-10-04 04:00:00,33.18,33.51,33.14,33.47,733582.0,3476.0,33.33
2023-10-05 04:00:00,33.44,33.52,33.17,33.47,530325.0,3184.0,33.37
2023-10-06 04:00:00,33.23,34.01,33.15,33.92,424265.0,2746.0,33.68
2023-10-09 04:00:00,33.69,34.12,33.62,34.05,358187.0,2718.0,33.82
2023-10-10 04:00:00,34.09,34.41,34.06,34.16,482419.0,2638.0,34.25
2023-10-11 04:00:00,34.32,34.4,34.12,34.38,1060687.0,2641.0,34.28
2023-10-12 04:00:00,34.43,34.58,34.09,34.3,801867.0,4308.0,34.39
2023-10-13 04:00:00,34.44,34.5,33.9,34.04,440020.0,2997.0,34.12
2023-10-16 04:00:00,34.16,34.43,34.13,34.37,507215.0,2662.0,34.32
2023-10-17 04:00:00,34.1,34.4,33.88,34.26,548475.0,4107.0,34.19
2023-10-18 04:00:00,34.12,34.26,33.73,33.85,410702.0,3180.0,33.99
2023-10-19 04:00:00,33.9,34.1,33.57,33.61,901252.0,5831.0,33.76
2023-10-20 04:00:00,33.62,33.62,33.18,33.2,697547.0,3254.0,33.39
2023-10-23 04:00:00,33.04,33.52,32.9,33.24,997624.0,5793.0,33.35
2023-10-24 04:00:00,33.4,33.55,33.24,33.49,377089.0,3345.0,33.44
2023-10-25 04:00:00,33.35,33.36,32.88,32.95,524402.0,3662.0,33.06
2023-10-26 04:00:00,32.79,32.8,32.2,32.31,703075.0,4048.0,32.43
2023-10-27 04:00:00,32.5,32.6,32.18,32.32,527925.0,3512.0,32.36
2023-10-30 04:00:00,32.53,32.86,32.52,32.79,619386.0,3053.0,32.77
2023-10-31 04:00:00,32.77,32.95,32.61,32.92,459176.0,3313.0,32.78
2023-11-01 04:00:00,33.02,33.48,33.01,33.41,672679.0,3159.0,33.24
2023-11-02 04:00:00,33.74,34.0,33.68,34.0,793364.0,4497.0,33.88
2023-11-03 04:00:00,34.09,34.32,34.03,34.2,506482.0,2721.0,34.2
2023-11-06 05:00:00,34.26,34.43,34.23,34.43,526910.0,3390.0,34.35
2023-11-07 05:00:00,34.51,34.73,34.39,34.68,872073.0,3315.0,34.65
2023-11-08 05:00:00,34.71,34.8,34.55,34.76,989172.0,3945.0,34.68
2023-11-09 05:00:00,34.83,34.86,34.41,34.47,542559.0,3593.0,34.6
2023-11-10 05:00:00,34.64,35.09,34.55,35.08,481812.0,3047.0,34.86
2023-11-13 05:00:00,34.96,35.12,34.82,35.04,822278.0,3456.0,35.03
2023-11-14 05:00:00,35.53,35.7,35.43,35.59,1291834.0,6604.0,35.6
2023-11-15 05:00:00,35.74,35.75,35.5,35.63,874535.0,3973.0,35.65
2023-11-16 05:00:00,35.57,35.75,35.51,35.75,651442.0,3786.0,35.62
2023-11-17 05:00:00,35.77,35.78,35.56,35.72,473154.0,2987.0,35.68
2023-11-20 05:00:00,35.74,36.13,35.69,36.06,606543.0,3183.0,35.96
2023-11-21 05:00:00,35.97,35.98,35.82,35.95,703008.0,3668.0,35.93
2023-11-22 05:00:00,36.1,36.29,35.98,36.1,965633.0,4032.0,36.1
2023-11-24 05:00:00,36.08,36.11,35.98,36.05,443129.0,1234.0,36.02
2023-11-27 05:00:00,36.03,36.13,35.97,36.01,448770.0,2530.0,36.05
2023-11-28 05:00:00,35.96,36.16,35.91,36.1,1017781.0,3576.0,36.05
2023-11-29 05:00:00,36.26,36.31,35.94,35.97,593104.0,3323.0,36.06
2023-11-30 05:00:00,36.03,36.04,35.73,35.97,481553.0,3284.0,35.87
2023-12-01 05:00:00,35.91,36.06,35.76,35.99,885036.0,5055.0,35.93
2023-12-04 05:00:00,35.7,35.72,35.44,35.69,1796963.0,5331.0,35.61
2023-12-05 05:00:00,35.58,35.95,35.57,35.87,1110731.0,3707.0,35.85
2023-12-06 05:00:00,36.04,36.08,35.6,35.63,695851.0,3961.0,35.78
2023-12-07 05:00:00,35.82,36.07,35.8,36.0,591707.0,3128.0,35.98
2023-12-08 05:00:00,35.92,36.23,35.89,36.21,787271.0,3379.0,36.1
2023-12-11 05:00:00,36.07,36.18,35.91,36.18,627514.0,3250.0,36.06
2023-12-12 05:00:00,36.09,36.39,36.03,36.39,409369.0,2527.0,36.23
2023-12-13 05:00:00,36.38,36.75,36.35,36.73,687390.0,3211.0,36.55
2023-12-14 05:00:00,36.78,36.86,36.37,36.63,837031.0,4191.0,36.63
2023-12-15 05:00:00,36.56,36.84,36.55,36.74,918058.0,4820.0,36.73
2023-12-18 05:00:00,36.8,37.14,36.8,37.05,1120533.0,4502.0,37.01
2023-12-19 05:00:00,37.08,37.24,37.04,37.22,811511.0,2713.0,37.15
2023-12-20 05:00:00,37.25,37.37,36.75,36.77,699330.0,4431.0,37.17
2023-12-21 05:00:00,37.03,37.1,36.79,37.1,589983.0,3693.0,36.96
2023-12-22 05:00:00,37.15,37.26,36.95,37.07,1041785.0,4391.0,37.11
2023-12-26 05:00:00,37.15,37.26,37.09,37.21,647489.0,3011.0,37.19
2023-12-27 05:00:00,37.21,37.29,37.14,37.28,664683.0,3323.0,37.22
2023-12-28 05:00:00,37.33,37.38,37.23,37.28,803937.0,3504.0,37.33
2023-12-29 05:00:00,37.29,37.31,36.98,37.16,517327.0,3125.0,37.15
2024-01-02 05:00:00,36.87,36.94,36.62,36.85,1885589.0,5497.0,36.77
2024-01-03 05:00:00,36.64,36.81,36.61,36.66,973810.0,5219.0,36.7
2024-01-04 05:00:00,36.6,36.79,36.45,36.46,825896.0,3827.0,36.64
2024-01-05 05:00:00,36.54,36.75,36.41,36.54,1137310.0,5182.0,36.57
2024-01-08 05:00:00,36.6,37.19,36.6,37.17,749969.0,4422.0,36.91
2024-01-09 05:00:00,37.03,37.3,36.96,37.23,693932.0,4002.0,37.16
2024-01-10 05:00:00,37.27,37.59,37.25,37.54,644387.0,3677.0,37.42
2024-01-11 05:00:00,37.68,37.76,37.2,37.57,1003226.0,5159.0,37.5
2024-01-12 05:00:00,37.61,37.7,37.48,37.6,541968.0,3479.0,37.58
2024-01-16 05:00:00,37.51,37.68,37.37,37.54,814917.0,4721.0,37.52
2024-01-17 05:00:00,37.32,37.37,37.11,37.34,809112.0,5771.0,37.25
2024-01-18 05:00:00,37.56,37.8,37.45,37.78,947466.0,5141.0,37.63
2024-01-19 05:00:00,37.91,38.35,37.84,38.33,1224048.0,6243.0,38.14
2024-01-22 05:00:00,38.51,38.54,38.33,38.34,1309633.0,6577.0,38.41
2024-01-23 05:00:00,38.42,38.57,38.32,38.57,806197.0,4486.0,38.47
2024-01-24 05:00:00,38.81,39.05,38.74,38.78,1198067.0,5875.0,38.87
2024-01-25 05:00:00,38.87,38.98,38.64,38.87,981036.0,4753.0,38.82
2024-01-26 05:00:00,38.77,38.95,38.73,38.81,695395.0,3391.0,38.81
2024-01-29 05:00:00,38.87,39.16,38.81,39.15,1418456.0,5673.0,38.95
2024-01-30 05:00:00,39.14,39.18,38.97,39.04,931651.0,5396.0,39.09
2024-01-31 05:00:00,38.73,38.84,38.24,38.24,1548017.0,8831.0,38.52
2024-02-01 05:00:00,38.43,38.78,38.4,38.78,1179315.0,6542.0,38.6
2024-02-02 05:00:00,38.97,39.6,38.89,39.5,1312176.0,6847.0,39.41
2024-02-05 05:00:00,39.52,39.59,39.24,39.47,1338731.0,5758.0,39.45
2024-02-06 05:00:00,39.57,39.63,39.3,39.51,1149406.0,6368.0,39.39
2024-02-07 05:00:00,39.7,39.94,39.67,39.94,865707.0,4755.0,39.85
2024-02-08 05:00:00,39.98,39.99,39.85,39.94,1083787.0,5322.0,39.93
2024-02-09 05:00:00,40.06,40.29,40.0,40.27,1139095.0,4929.0,40.18
2024-02-12 05:00:00,40.26,40.41,40.05,40.1,1156593.0,5378.0,40.2
2024-02-13 05:00:00,39.6,39.83,39.37,39.61,1442592.0,7610.0,39.61
2024-02-14 05:00:00,39.92,40.02,39.59,40.0,1369678.0,6537.0,39.82
2024-02-15 05:00:00,40.0,40.15,39.84,40.15,1039119.0,5211.0,40.01
2024-02-16 05:00:00,40.17,40.18,39.82,39.91,985286.0,4894.0,40.02
2024-02-20 05:00:00,39.78,39.84,39.36,39.59,1187644.0,6506.0,39.52
2024-02-21 05:00:00,39.5,39.63,39.3,39.62,1266162.0,6157.0,39.46
2024-02-22 05:00:00,40.38,40.77,40.27,40.75,1781322.0,8138.0,40.59
2024-02-23 05:00:00,40.96,41.01,40.62,40.7,1204566.0,6012.0,40.78
2024-02-26 05:00:00,40.79,40.84,40.51,40.53,992846.0,4896.0,40.64
2024-02-27 05:00:00,40.57,40.59,40.34,40.56,1314303.0,5073.0,40.5
2024-02-28 05:00:00,40.45,40.5,40.32,40.45,836435.0,4171.0,40.42
2024-02-29 05:00:00,40.61,40.78,40.35,40.67,1141975.0,5161.0,40.62
2024-03-01 05:00:00,40.7,41.12,40.7,41.1,890207.0,4592.0,40.96
2024-03-04 05:00:00,40.95,41.1,40.89,40.91,966507.0,5157.0,40.98
2024-03-05 05:00:00,40.71,40.71,40.18,40.37,1105547.0,5864.0,40.36
2024-03-06 05:00:00,40.71,40.79,40.45,40.58,1025475.0,6053.0,40.62
2024-03-07 05:00:00,40.84,41.16,40.7,41.09,1062949.0,4854.0,41.01
2024-03-08 05:00:00,41.14,41.43,40.62,40.66,1870775.0,9966.0,40.93
2024-03-11 04:00:00,40.58,40.69,40.43,40.62,1050724.0,6125.0,40.58
2024-03-12 04:00:00,40.91,41.31,40.62,41.3,1477079.0,7241.0,41.12
2024-03-13 04:00:00,41.28,41.28,41.02,41.14,2017383.0,7381.0,41.16
2024-03-14 04:00:00,41.3,41.32,40.95,41.18,1565165.0,7576.0,41.13
2024-03-15 04:00:00,40.82,40.9,40.61,40.74,1351379.0,7624.0,40.77
2024-03-18 04:00:00,41.2,41.41,41.06,41.09,798150.0,4427.0,41.21
2024-03-19 04:00:00,41.01,41.35,40.82,41.33,888240.0,4809.0,41.18
2024-03-20 04:00:00,41.34,41.72,41.24,41.72,1155783.0,5983.0,41.46
2024-03-21 04:00:00,41.99,41.99,41.65,41.67,967234.0,4951.0,41.79
2024-03-22 04:00:00,41.68,41.86,41.6,41.75,822748.0,4024.0,41.75
2024-03-25 04:00:00,41.56,41.69,41.47,41.6,1212893.0,5503.0,41.62
2024-03-26 04:00:00,41.76,41.76,41.44,41.48,728465.0,3914.0,41.65
2024-03-27 04:00:00,41.7,41.7,41.36,41.65,943464.0,5093.0,41.5
2024-03-28 04:00:00,41.59,41.7,41.52,41.59,979187.0,4279.0,41.61
2024-04-01 04:00:00,41.68,41.82,41.46,41.62,1402982.0,7309.0,41.6
2024-04-02 04:00:00,41.22,41.4,41.11,41.39,1111370.0,6576.0,41.25
2024-04-03 04:00:00,41.28,41.56,41.25,41.37,861402.0,5902.0,41.42
2024-04-04 04:00:00,41.66,41.77,40.81,40.83,1726514.0,9563.0,41.26
2024-04-05 04:00:00,41.01,41.5,40.93,41.32,1631423.0,8908.0,41.25
2024-04-08 04:00:00,41.39,41.46,41.21,41.3,862757.0,5977.0,41.33
2024-04-09 04:00:00,41.46,41.46,40.91,41.34,1297163.0,8271.0,41.15
2024-04-10 04:00:00,40.95,41.18,40.89,41.11,1457449.0,8167.0,41.04
2024-04-11 04:00:00,41.26,41.72,40.99,41.65,1111343.0,5874.0,41.36
2024-04-12 04:00:00,41.32,41.44,40.93,41.03,1168048.0,6207.0,41.13
2024-04-15 04:00:00,41.35,41.39,40.41,40.42,1617216.0,9719.0,40.75
2024-04-16 04:00:00,40.48,40.66,40.29,40.41,1184734.0,8516.0,40.47
2024-04-17 04:00:00,40.66,40.67,40.0,40.12,1108447.0,8308.0,40.27
2024-04-18 04:00:00,40.18,40.4,39.96,40.02,1035415.0,8074.0,40.14
2024-04-19 04:00:00,39.95,39.98,39.24,39.33,1837050.0,11313.0,39.55
2024-04-22 04:00:00,39.56,39.97,39.34,39.75,2249774.0,8704.0,39.69
2024-04-23 04:00:00,39.99,40.3,39.89,40.29,1033236.0,5950.0,40.19
2024-04-24 04:00:00,40.47,40.5,40.08,40.25,981583.0,5837.0,40.29
2024-04-25 04:00:00,39.51,40.06,39.42,40.01,1688117.0,8800.0,39.73
2024-04-26 04:00:00,40.53,40.78,40.39,40.66,939611.0,4829.0,40.65
2024-04-29 04:00:00,40.8,40.83,40.48,40.7,692681.0,4315.0,40.68
2024-04-30 04:00:00,40.64,40.78,40.04,40.04,1120184.0,5244.0,40.47
2024-05-01 04:00:00,40.12,40.67,39.93,40.0,2023126.0,10459.0,40.2
2024-05-02 04:00:00,40.28,40.5,39.98,40.42,885435.0,5460.0,40.29
2024-05-03 04:00:00,41.06,41.15,40.79,41.1,1582675.0,7894.0,40.99
2024-05-06 04:00:00,41.24,41.58,41.17,41.58,1162339.0,5125.0,41.36
2024-05-07 04:00:00,41.6,41.69,41.48,41.56,877694.0,4830.0,41.58
2024-05-08 04:00:00,41.44,41.63,41.38,41.57,895806.0,4893.0,41.55
2024-05-09 04:00:00,41.58,41.71,41.46,41.68,1207870.0,4836.0,41.65
2024-05-10 04:00:00,41.79,41.9,41.59,41.75,1020994.0,5796.0,41.72
2024-05-13 04:00:00,41.83,41.86,41.67,41.78,1099493.0,5332.0,41.78
2024-05-14 04:00:00,41.77,42.09,41.73,42.06,884565.0,4779.0,41.9
2024-05-15 04:00:00,42.24,42.65,42.13,42.64,1334486.0,6218.0,42.47
2024-05-16 04:00:00,42.68,42.81,42.52,42.55,1250445.0,6478.0,42.66
2024-05-17 04:00:00,42.64,42.64,42.39,42.57,986771.0,5604.0,42.53
2024-05-20 04:00:00,42.61,42.81,42.57,42.65,794463.0,5052.0,42.69
2024-05-21 04:00:00,42.62,42.86,42.58,42.86,862022.0,5288.0,42.73
2024-05-22 04:00:00,42.86,42.88,42.54,42.76,1077761.0,5674.0,42.72
2024-05-23 04:00:00,43.17,43.17,42.47,42.62,1534301.0,8115.0,42.86
2024-05-24 04:00:00,42.79,43.02,42.68,42.98,760674.0,4652.0,42.91
2024-05-28 04:00:00,43.12,43.29,42.97,43.29,1304492.0,5134.0,43.13
2024-05-29 04:00:00,42.94,43.17,42.89,43.07,1906917.0,5751.0,43.09
2024-05-30 04:00:00,42.88,42.88,42.4,42.52,1753502.0,6165.0,42.69
2024-05-31 04:00:00,42.66,42.76,41.99,42.72,1753478.0,8014.0,42.31
2024-06-03 04:00:00,42.95,43.08,42.55,43.02,1619869.0,8273.0,42.86
2024-06-04 04:00:00,42.93,43.16,42.8,43.11,994078.0,4903.0,42.99
2024-06-05 04:00:00,43.4,43.77,43.27,43.77,3921556.0,17141.0,43.55
2024-06-06 04:00:00,43.86,43.92,43.65,43.84,2119081.0,9831.0,43.79
2024-06-07 04:00:00,43.82,44.06,43.68,43.82,1746213.0,9175.0,43.87
2024-06-10 04:00:00,43.8,43.95,43.65,43.93,1610741.0,7454.0,43.84
2024-06-11 04:00:00,43.87,44.25,43.7,44.25,1500017.0,7337.0,43.99
2024-06-12 04:00:00,44.63,44.95,44.52,44.67,2486100.0,12949.0,44.71
2024-06-13 04:00:00,45.01,45.02,44.66,44.97,1701126.0,8273.0,44.88
2024-06-14 04:00:00,44.88,45.12,44.81,45.12,1805687.0,8668.0,45.01
2024-06-17 04:00:00,45.13,45.62,45.01,45.44,2354707.0,11101.0,45.4
2024-06-18 04:00:00,45.48,45.53,45.34,45.53,2418121.0,11580.0,45.44
2024-06-20 04:00:00,45.68,45.72,45.11,45.31,2778833.0,11564.0,45.38
2024-06-21 04:00:00,45.25,45.41,45.09,45.15,1195388.0,6428.0,45.23
2024-06-24 04:00:00,45.1,45.3,44.78,44.81,2442239.0,12611.0,45.0
2024-06-25 04:00:00,44.95,45.29,44.9,45.26,2197709.0,12067.0,45.16
2024-06-26 04:00:00,45.22,45.54,45.19,45.5,2404614.0,9431.0,45.37
2024-06-27 04:00:00,45.5,45.66,45.37,45.56,1513181.0,7956.0,45.52
2024-06-28 04:00:00,45.67,45.98,45.21,45.26,2249910.0,9899.0,45.56
2024-07-01 04:00:00,45.4,45.67,45.15,45.64,1878520.0,10020.0,45.47
2024-07-02 04:00:00,45.43,46.0,45.41,46.0,1612445.0,8463.0,45.77
2024-07-03 04:00:00,45.95,46.36,45.92,46.34,1003187.0,5714.0,46.12
2024-07-05 04:00:00,46.4,46.8,46.37,46.79,1461114.0,8689.0,46.67
2024-07-08 04:00:00,46.85,46.89,46.72,46.84,1904728.0,9646.0,46.79
2024-07-09 04:00:00,46.99,47.09,46.83,46.94,1496305.0,7431.0,46.95
2024-07-10 04:00:00,47.08,47.48,47.03,47.46,1472947.0,8992.0,47.26
2024-07-11 04:00:00,47.41,47.41,46.38,46.49,2139310.0,12575.0,46.76
2024-07-12 04:00:00,46.51,47.07,46.46,46.7,1325721.0,7729.0,46.79
2024-07-15 04:00:00,47.01,47.25,46.68,46.86,2246931.0,9858.0,46.9
2024-07-16 04:00:00,47.04,47.09,46.66,46.86,1874578.0,10113.0,46.81
2024-07-17 04:00:00,46.22,46.3,45.94,46.0,2311864.0,13397.0,46.05
2024-07-18 04:00:00,46.29,46.29,45.43,45.7,2417137.0,12595.0,45.72
2024-07-19 04:00:00,45.57,45.89,45.25,45.32,1555243.0,9671.0,45.42
2024-07-22 04:00:00,45.81,45.99,45.56,45.89,1029061.0,7069.0,45.81
2024-07-23 04:00:00,45.96,46.2,45.83,45.88,1196635.0,6170.0,46.05
2024-07-24 04:00:00,45.27,45.31,44.42,44.52,1743329.0,10565.0,44.76
2024-07-25 04:00:00,44.49,44.95,43.81,44.11,1998029.0,12045.0,44.45
2024-07-26 04:00:00,44.49,44.81,44.3,44.54,981486.0,7692.0,44.52
2024-07-29 04:00:00,44.75,44.86,44.39,44.58,854738.0,5861.0,44.69
2024-07-30 04:00:00,44.66,44.74,43.74,44.1,1168822.0,7586.0,44.09
2024-07-31 04:00:00,44.86,45.25,44.69,45.07,1336819.0,9365.0,45.0
2024-08-01 04:00:00,45.38,45.63,44.05,44.35,1039732.0,9841.0,44.63
2024-08-02 04:00:00,43.61,43.96,43.18,43.58,2130273.0,17180.0,43.51
2024-08-05 04:00:00,41.06,42.69,40.9,42.09,4833441.0,35476.0,41.96
2024-08-06 04:00:00,42.26,43.11,41.96,42.42,1864730.0,12910.0,42.68
2024-08-07 04:00:00,43.05,43.29,42.08,42.14,1743490.0,12165.0,42.63
2024-08-08 04:00:00,42.78,43.3,42.41,43.19,1679474.0,7904.0,43.01
2024-08-09 04:00:00,43.16,43.6,43.11,43.47,1276326.0,5953.0,43.37
2024-08-12 04:00:00,43.63,43.86,43.41,43.63,6012117.0,7184.0,43.54
2024-08-13 04:00:00,43.99,44.51,43.97,44.51,8418918.0,6114.0,44.11
2024-08-14 04:00:00,44.59,44.73,44.25,44.66,8952065.0,6952.0,44.55
2024-08-15 04:00:00,45.19,45.52,45.06,45.5,2107634.0,7030.0,45.36
2024-08-16 04:00:00,45.37,45.71,45.32,45.63,1353301.0,6118.0,45.55
2024-08-19 04:00:00,45.69,46.15,45.53,46.14,698428.0,5875.0,45.87
2024-08-20 04:00:00,46.14,46.33,45.98,46.13,883986.0,5577.0,46.16
2024-08-21 04:00:00,46.18,46.4,45.97,46.22,1305060.0,7846.0,46.19
2024-08-22 04:00:00,46.47,46.52,45.55,45.68,1249118.0,8158.0,45.89
2024-08-23 04:00:00,45.98,46.33,45.71,46.19,1363018.0,8677.0,46.07
2024-08-26 04:00:00,46.21,46.3,45.77,46.02,1955938.0,7333.0,45.96
2024-08-27 04:00:00,45.84,46.14,45.72,46.06,788859.0,5093.0,46.02
2024-08-28 04:00:00,46.06,46.09,45.38,45.71,1108300.0,6988.0,45.71
2024-08-29 04:00:00,45.88,46.14,45.43,45.54,1589387.0,11037.0,45.83
2024-08-30 04:00:00,45.8,46.06,45.49,46.01,1029729.0,7302.0,45.75
2024-09-03 04:00:00,45.79,45.79,44.64,44.91,1613955.0,9609.0,45.22
2024-09-04 04:00:00,44.6,45.08,44.57,44.72,981855.0,7203.0,44.79
2024-09-05 04:00:00,44.69,45.22,44.58,44.77,1939827.0,11722.0,44.78
2024-09-06 04:00:00,44.82,44.88,43.74,43.83,1767264.0,11713.0,44.0
2024-09-09 04:00:00,44.25,44.39,43.94,44.33,1093706.0,5942.0,44.18
2024-09-10 04:00:00,44.58,44.69,44.17,44.67,974334.0,6025.0,44.58
2024-09-11 04:00:00,44.75,45.46,44.03,45.39,1790397.0,11524.0,44.91
2024-09-12 04:00:00,45.48,45.92,45.28,45.83,1690951.0,6432.0,45.74
2024-09-13 04:00:00,45.88,46.08,45.79,45.96,960017.0,5627.0,45.95
2024-09-16 04:00:00,45.79,45.91,45.6,45.89,1551547.0,9345.0,45.77
2024-09-17 04:00:00,46.11,46.23,45.69,45.91,1265645.0,7833.0,45.98
2024-09-18 04:00:00,45.94,46.36,45.72,45.73,1652359.0,9871.0,45.95
2024-09-19 04:00:00,46.67,46.88,46.44,46.71,1540182.0,9694.0,46.72
2024-09-20 04:00:00,46.65,46.77,46.38,46.64,1230297.0,8977.0,46.62
2024-09-23 04:00:00,46.7,46.77,46.54,46.69,955753.0,7525.0,46.67
2024-09-24 04:00:00,46.8,46.89,46.42,46.89,718421.0,5350.0,46.75
2024-09-25 04:00:00,46.84,47.03,46.78,46.91,936483.0,5975.0,46.9
2024-09-26 04:00:00,47.3,47.31,46.77,47.0,834173.0,6639.0,46.99
2024-09-27 04:00:00,47.09,47.09,46.73,46.84,573713.0,4929.0,46.92
2024-09-30 04:00:00,46.72,47.14,46.61,47.11,958120.0,5777.0,46.86
2024-10-01 04:00:00,47.08,47.08,46.28,46.52,1143804.0,8373.0,46.59
2024-10-02 04:00:00,46.51,46.66,46.24,46.58,1020286.0,4541.0,46.57
2024-10-03 04:00:00,46.49,46.77,46.35,46.57,750591.0,5517.0,46.54
2024-10-04 04:00:00,46.97,47.09,46.59,47.06,1170089.0,7719.0,46.84
2024-10-07 04:00:00,46.96,47.02,46.52,46.54,1192775.0,9424.0,46.81
2024-10-08 04:00:00,46.81,47.22,46.77,47.18,781226.0,5823.0,47.04
2024-10-09 04:00:00,47.22,47.51,47.08,47.48,795996.0,5815.0,47.34
2024-10-10 04:00:00,47.35,47.56,47.22,47.44,770321.0,5665.0,47.4
2024-10-11 04:00:00,47.33,47.64,47.31,47.54,653732.0,4770.0,47.54
2024-10-14 04:00:00,47.78,48.08,47.74,47.98,645443.0,5327.0,47.95
2024-10-15 04:00:00,48.0,48.01,47.37,47.55,964937.0,6533.0,47.61
2024-10-16 04:00:00,47.51,47.69,47.26,47.67,763524.0,6239.0,47.51
2024-10-17 04:00:00,48.13,48.13,47.71,47.73,1167800.0,6952.0,47.87
2024-10-18 04:00:00,47.97,48.03,47.84,47.95,827648.0,5786.0,47.95
2024-10-21 04:00:00,47.89,48.1,47.73,48.1,927575.0,5874.0,47.95
2024-10-22 04:00:00,47.87,48.31,47.79,48.19,1439170.0,7576.0,48.13
2024-10-23 04:00:00,48.04,48.04,47.22,47.52,1153477.0,7550.0,47.59
2024-10-24 04:00:00,47.75,47.79,47.46,47.74,857523.0,6370.0,47.68
2024-10-25 04:00:00,47.93,48.3,47.79,47.86,802017.0,6006.0,48.03
2024-10-28 04:00:00,48.2,48.22,47.96,48.02,1139057.0,6397.0,48.06
2024-10-29 04:00:00,48.0,48.32,47.81,48.21,806033.0,4902.0,48.18
2024-10-30 04:00:00,48.21,48.38,47.94,48.04,1098020.0,6257.0,48.18
2024-10-31 04:00:00,47.59,47.59,46.79,46.8,1287711.0,9453.0,47.07
2024-11-01 04:00:00,47.1,47.45,47.02,47.1,750096.0,6712.0,47.23
2024-11-04 05:00:00,47.07,47.15,46.75,46.91,770547.0,6703.0,46.98
2024-11-05 05:00:00,47.03,47.48,46.98,47.45,720260.0,5021.0,47.34
2024-11-06 05:00:00,48.38,48.71,48.17,48.67,1851916.0,10751.0,48.47
2024-11-07 05:00:00,48.87,49.3,48.84,49.25,1813042.0,8411.0,49.14
2024-11-08 05:00:00,49.29,49.48,49.21,49.38,1145519.0,7172.0,49.34
2024-11-11 05:00:00,49.47,49.47,49.0,49.23,1052670.0,7459.0,49.21
2024-11-12 05:00:00,49.28,49.35,48.97,49.24,1129252.0,7395.0,49.22
2024-11-13 05:00:00,49.25,49.43,48.97,49.23,933546.0,6590.0,49.26
2024-11-14 05:00:00,49.29,49.32,48.92,49.02,837721.0,5738.0,49.12
2024-11-15 05:00:00,48.62,48.62,47.95,48.13,1794624.0,9724.0,48.14
2024-11-18 05:00:00,48.22,48.47,48.08,48.35,837654.0,7169.0,48.3
2024-11-19 05:00:00,48.14,48.77,48.13,48.76,1027223.0,6093.0,48.51
2024-11-20 05:00:00,48.76,48.76,48.13,48.71,1825026.0,6130.0,48.51
2024-11-21 05:00:00,48.98,49.01,48.1,48.69,1669198.0,10769.0,48.59
2024-11-22 05:00:00,48.61,48.78,48.5,48.69,907011.0,6752.0,48.63
2024-11-25 05:00:00,48.96,49.11,48.51,48.71,1880705.0,9769.0,48.71
2024-11-26 05:00:00,48.95,49.22,48.92,49.17,1662510.0,9722.0,49.07
2024-11-27 05:00:00,49.08,49.08,48.73,48.92,986344.0,6926.0,48.91
2024-11-29 05:00:00,49.02,49.4,48.93,49.33,450530.0,3164.0,49.24
2024-12-02 05:00:00,49.43,49.71,49.39,49.67,1131226.0,6326.0,49.63
2024-12-03 05:00:00,49.62,49.85,49.57,49.84,821937.0,6519.0,49.72
2024-12-04 05:00:00,50.09,50.34,50.05,50.28,1940758.0,6228.0,50.15
2024-12-05 05:00:00,50.38,50.5,50.3,50.36,1146788.0,6215.0,50.37
2024-12-06 05:00:00,50.4,50.63,50.37,50.59,804921.0,5283.0,50.52
2024-12-09 05:00:00,50.49,50.52,50.26,50.34,792077.0,6612.0,50.38
2024-12-10 05:00:00,50.49,50.66,50.18,50.27,803018.0,5462.0,50.36
2024-12-11 05:00:00,50.55,50.99,50.53,50.93,1244222.0,5949.0,50.88
2024-12-12 05:00:00,50.79,50.84,50.58,50.59,1150694.0,6306.0,50.72
2024-12-13 05:00:00,50.83,50.98,50.49,50.7,1189133.0,5699.0,50.66
2024-12-16 05:00:00,50.94,51.2,50.79,51.13,1179838.0,8420.0,51.06
2024-12-17 05:00:00,50.9,51.08,50.78,51.04,961600.0,6354.0,50.95
2024-12-18 05:00:00,51.04,51.3,49.49,49.56,1721246.0,12640.0,50.49
2024-12-19 05:00:00,50.12,50.16,49.59,49.62,1607306.0,12127.0,49.89
2024-12-20 05:00:00,49.37,50.58,49.16,50.13,1750155.0,10677.0,50.06
2024-12-23 05:00:00,50.27,50.64,49.92,50.63,1473746.0,9149.0,50.33
2024-12-24 05:00:00,50.78,51.25,50.71,51.25,884365.0,5083.0,51.07
2024-12-26 05:00:00,51.13,51.32,50.92,51.2,914972.0,6267.0,51.19
2024-12-27 05:00:00,50.93,50.93,50.12,50.56,1043767.0,8091.0,50.44
2024-12-30 05:00:00,49.89,50.3,49.65,49.95,1212759.0,8023.0,50.03
2024-12-31 05:00:00,50.11,50.12,49.51,49.61,1333754.0,8433.0,49.78
2025-01-02 05:00:00,49.79,50.06,49.06,49.46,2067478.0,11596.0,49.43
2025-01-03 05:00:00,49.75,50.22,49.66,50.16,838320.0,7158.0,50.04
2025-01-06 05:00:00,50.69,51.03,50.48,50.69,1443128.0,7962.0,50.77
2025-01-07 05:00:00,50.92,50.92,49.74,49.9,2435641.0,9489.0,50.23
2025-01-08 05:00:00,49.91,50.03,49.52,49.9,1247794.0,8927.0,49.85
2025-01-10 05:00:00,49.66,49.66,48.87,49.15,1699447.0,10480.0,49.21
2025-01-13 05:00:00,48.65,49.09,48.52,49.08,1317683.0,8197.0,48.8
2025-01-14 05:00:00,49.37,49.37,48.56,48.87,1857029.0,8587.0,48.84
2025-01-15 05:00:00,49.54,50.04,49.42,49.94,2991439.0,7800.0,49.92
2025-01-16 05:00:00,50.11,50.11,49.47,49.5,1639872.0,7459.0,49.67
2025-01-17 05:00:00,50.19,50.3,49.92,50.12,1021021.0,6344.0,50.13
2025-01-21 05:00:00,50.32,50.46,49.98,50.43,2405524.0,10769.0,50.35
2025-01-22 05:00:00,50.85,51.12,50.8,51.0,1318595.0,8339.0,51.0
2025-01-23 05:00:00,50.93,51.26,50.86,51.26,3421332.0,7218.0,51.04
2025-01-24 05:00:00,51.34,51.43,50.95,51.1,1286532.0,8091.0,51.15
2025-01-27 05:00:00,49.55,50.15,49.49,49.98,2348984.0,14033.0,49.83
2025-01-28 05:00:00,50.21,50.89,49.9,50.85,1061863.0,8043.0,50.65
2025-01-29 05:00:00,50.7,50.71,50.17,50.53,9025243.0,12546.0,50.49
2025-01-30 05:00:00,50.59,50.82,50.11,50.61,2000682.0,8078.0,50.52
2025-01-31 05:00:00,51.0,51.22,50.32,50.43,2609187.0,11965.0,50.78
2025-02-03 05:00:00,49.49,50.19,49.36,49.94,2931647.0,17523.0,49.88
2025-02-04 05:00:00,49.96,50.51,49.9,50.48,1560379.0,8874.0,50.34
2025-02-05 05:00:00,50.22,50.56,50.07,50.56,1019200.0,6768.0,50.35
2025-02-06 05:00:00,50.7,50.86,50.53,50.86,1051491.0,6757.0,50.68
2025-02-07 05:00:00,50.84,50.97,50.16,50.24,1190255.0,8966.0,50.37
2025-02-10 05:00:00,50.52,50.76,50.47,50.64,4524913.0,8799.0,50.69
2025-02-11 05:00:00,50.46,50.78,50.41,50.7,784035.0,5785.0,50.65
2025-02-12 05:00:00,50.18,50.7,50.14,50.58,1092780.0,7509.0,50.54
2025-02-13 05:00:00,50.71,51.23,50.6,51.21,990353.0,7370.0,50.99
2025-02-14 05:00:00,51.2,51.32,51.14,51.24,992307.0,6580.0,51.24
2025-02-18 05:00:00,51.31,51.36,50.89,51.18,3939120.0,8465.0,51.24
2025-02-19 05:00:00,51.12,51.38,51.0,51.36,3299725.0,6735.0,51.16
2025-02-20 05:00:00,51.26,51.31,50.89,51.16,2150789.0,6164.0,51.21
2025-02-21 05:00:00,51.13,51.16,50.21,50.22,8266616.0,10139.0,50.72
2025-02-24 05:00:00,50.43,50.59,49.83,49.87,1654665.0,9166.0,50.13
2025-02-25 05:00:00,49.82,49.89,49.04,49.47,1728956.0,10031.0,49.44
2025-02-26 05:00:00,49.6,49.93,49.2,49.48,1123906.0,7642.0,49.61
2025-02-27 05:00:00,49.8,49.86,48.39,48.42,4536041.0,11133.0,49.06
2025-02-28 05:00:00,48.37,49.33,48.1,49.27,1963559.0,11128.0,48.63
2025-03-03 05:00:00,49.41,49.5,47.81,48.19,3280102.0,16930.0,48.57
2025-03-04 05:00:00,47.71,48.48,47.21,47.77,4120797.0,21380.0,47.76
2025-03-05 05:00:00,47.83,48.5,47.42,48.33,4041736.0,15578.0,48.09
2025-03-06 05:00:00,47.64,48.1,47.13,47.38,3198104.0,15540.0,47.48
2025-03-07 05:00:00,47.21,47.73,46.71,47.59,7645697.0,21138.0,47.26
2025-03-10 04:00:00,46.79,46.86,45.58,46.03,8979416.0,26191.0,46.1
2025-03-11 04:00:00,45.81,46.35,45.34,45.74,3850104.0,17457.0,45.87
2025-03-12 04:00:00,46.4,46.54,45.67,46.19,2124379.0,10167.0,46.21
2025-03-13 04:00:00,46.13,46.13,45.28,45.4,2245131.0,10995.0,45.58
2025-03-14 04:00:00,45.8,46.47,45.76,46.41,1173941.0,6965.0,46.16
2025-03-17 04:00:00,46.37,46.76,46.12,46.51,1770872.0,7718.0,46.48
2025-03-18 04:00:00,46.28,46.29,45.7,45.86,2201436.0,11510.0,45.85
2025-03-19 04:00:00,46.1,46.81,45.96,46.42,2268961.0,11435.0,46.32
2025-03-20 04:00:00,46.1,46.84,46.04,46.34,1833543.0,7394.0,46.41
2025-03-21 04:00:00,45.99,46.61,45.94,46.58,1316360.0,7350.0,46.26
2025-03-24 04:00:00,47.19,47.51,47.1,47.42,1262572.0,7300.0,47.34
2025-03-25 04:00:00,47.56,47.67,47.4,47.62,3163458.0,9460.0,47.54
2025-03-26 04:00:00,47.49,47.56,46.69,46.82,1407708.0,7455.0,47.07
2025-03-27 04:00:00,46.66,47.04,46.52,46.69,1083964.0,5816.0,46.82
2025-03-28 04:00:00,46.51,46.65,45.53,45.61,1496048.0,8613.0,45.85
2025-03-31 04:00:00,44.94,45.89,44.64,45.78,2909078.0,10858.0,45.41
2025-04-01 04:00:00,45.61,46.18,45.39,46.0,1703909.0,7674.0,45.85
2025-04-02 04:00:00,45.42,46.52,45.4,46.24,1344399.0,6955.0,46.12
2025-04-03 04:00:00,44.37,44.7,43.86,43.91,3216319.0,14830.0,44.3
2025-04-04 04:00:00,42.66,42.99,41.3,41.35,8530091.0,29301.0,42.16
2025-04-07 04:00:00,39.76,42.92,39.29,41.35,15453582.0,53762.0,40.94
2025-04-08 04:00:00,42.95,43.23,40.06,40.73,8073173.0,28785.0,41.66
2025-04-09 04:00:00,40.61,45.18,40.54,44.94,8520566.0,29461.0,42.61
2025-04-10 04:00:00,43.96,44.07,41.99,43.32,8896377.0,26071.0,43.28
2025-04-11 04:00:00,43.17,44.34,43.01,44.16,3760706.0,18306.0,43.74
2025-04-14 04:00:00,45.11,45.11,44.02,44.42,3697320.0,10837.0,44.6
2025-04-15 04:00:00,44.46,44.77,44.21,44.31,1955712.0,8243.0,44.51
2025-04-16 04:00:00,43.57,43.84,42.51,43.07,3500921.0,10600.0,43.33
2025-04-17 04:00:00,43.26,43.35,42.75,42.97,2506805.0,12300.0,43.06
2025-04-21 04:00:00,42.44,42.47,41.44,41.9,1680302.0,7884.0,41.81
2025-04-22 04:00:00,42.4,43.22,42.33,42.98,2229266.0,9824.0,42.86
2025-04-23 04:00:00,44.3,44.62,43.7,43.86,3741590.0,15781.0,44.12
2025-04-24 04:00:00,43.99,44.89,43.87,44.85,1382564.0,7407.0,44.57
2025-04-25 04:00:00,44.98,45.49,44.76,45.45,1700065.0,9062.0,45.16
2025-04-28 04:00:00,45.53,45.62,44.84,45.38,1481903.0,6148.0,45.21
2025-04-29 04:00:00,45.19,45.7,45.14,45.6,1219707.0,6053.0,45.53
2025-04-30 04:00:00,44.97,45.71,44.46,45.54,2441555.0,8399.0,45.19
2025-05-01 04:00:00,46.32,46.6,46.05,46.1,1646147.0,9038.0,46.34
2025-05-02 04:00:00,46.53,46.87,46.31,46.7,2056767.0,9253.0,46.68
2025-05-05 04:00:00,46.26,46.58,46.18,46.3,1427864.0,7276.0,46.39
2025-05-06 04:00:00,45.82,46.32,45.79,45.93,1087016.0,6125.0,46.06
2025-05-07 04:00:00,46.08,46.32,45.58,46.12,1296853.0,6554.0,45.97
2025-05-08 04:00:00,46.5,46.82,46.07,46.38,1574917.0,7226.0,46.52
2025-05-09 04:00:00,46.57,46.68,46.22,46.36,1086466.0,5541.0,46.38
2025-05-12 04:00:00,47.97,48.13,47.56,48.13,3791558.0,7716.0,47.76
2025-05-13 04:00:00,48.21,48.76,48.12,48.58,7327570.0,10731.0,48.52
2025-05-14 04:00:00,48.77,48.98,48.68,48.87,1964065.0,8267.0,48.85
2025-05-15 04:00:00,48.65,49.08,48.51,48.92,1269927.0,5857.0,48.85
2025-05-16 04:00:00,49.08,49.17,48.72,49.17,960249.0,5460.0,49.02
2025-05-19 04:00:00,48.6,49.24,48.54,49.21,1281259.0,6218.0,49.05
2025-05-20 04:00:00,49.02,49.1,48.69,48.99,3426363.0,9419.0,48.96
2025-05-21 04:00:00,48.66,49.19,48.2,48.35,2414492.0,10158.0,48.81
2025-05-22 04:00:00,48.35,48.74,48.23,48.41,2347699.0,9208.0,48.55
2025-05-23 04:00:00,47.73,48.21,47.68,47.93,1914845.0,8963.0,47.97
2025-05-27 04:00:00,48.53,49.05,48.47,49.03,1227535.0,6490.0,48.88
2025-05-28 04:00:00,49.11,49.27,48.79,48.84,1221713.0,5409.0,48.98
2025-05-29 04:00:00,49.5,49.5,48.83,49.1,1262859.0,7697.0,49.11
2025-05-30 04:00:00,49.05,49.15,48.43,48.98,2139717.0,8687.0,48.84
2025-06-02 04:00:00,48.85,49.33,48.75,49.32,1163036.0,8076.0,49.07
2025-06-03 04:00:00,49.33,49.72,49.28,49.61,960069.0,5079.0,49.58
2025-06-04 04:00:00,49.71,49.86,49.61,49.69,1070285.0,5411.0,49.74
2025-06-05 04:00:00,49.86,49.97,49.16,49.31,2171622.0,8520.0,49.57
2025-06-06 04:00:00,49.83,50.07,49.71,49.88,1070539.0,5792.0,49.92
2025-06-09 04:00:00,49.92,50.13,49.89,50.02,1422351.0,6027.0,50.05
2025-06-10 04:00:00,50.09,50.42,49.98,50.4,1624179.0,6869.0,50.22
2025-06-11 04:00:00,50.51,50.6,50.03,50.21,1565152.0,7512.0,50.31
2025-06-12 04:00:00,50.11,50.47,50.08,50.44,1439478.0,6535.0,50.36
2025-06-13 04:00:00,50.0,50.26,49.75,49.86,2727366.0,12224.0,49.96
2025-06-16 04:00:00,50.16,50.5,50.14,50.38,1471981.0,7147.0,50.36
2025-06-17 04:00:00,50.19,50.3,49.9,49.94,1606926.0,6913.0,50.09
2025-06-18 04:00:00,50.01,50.31,49.83,49.91,1816470.0,8752.0,50.08
2025-06-20 04:00:00,50.15,50.23,49.54,49.66,1776281.0,6447.0,49.73
2025-06-23 04:00:00,49.76,50.24,49.52,50.21,1667775.0,8421.0,49.92
2025-06-24 04:00:00,50.65,50.9,50.55,50.81,1863045.0,6132.0,50.77
2025-06-25 04:00:00,51.01,51.17,50.9,51.04,824396.0,4851.0,51.01
2025-06-26 04:00:00,51.22,51.53,51.11,51.44,1082405.0,5770.0,51.37
2025-06-27 04:00:00,51.56,51.79,51.3,51.7,1636802.0,6386.0,51.62
2025-06-30 04:00:00,51.99,52.09,51.71,51.94,1920443.0,14794.0,51.91
2025-07-01 04:00:00,51.83,51.91,51.47,51.62,1120279.0,7130.0,51.66
2025-07-02 04:00:00,51.62,51.97,51.61,51.96,1141064.0,6653.0,51.85
2025-07-03 04:00:00,52.17,52.52,52.17,52.44,752975.0,3915.0,52.41
2025-07-07 04:00:00,52.25,52.32,51.8,52.03,1185873.0,7333.0,52.04
2025-07-08 04:00:00,52.08,52.09,51.87,51.92,879306.0,5391.0,51.97
2025-07-09 04:00:00,52.15,52.43,52.1,52.35,943447.0,4950.0,52.25
2025-07-10 04:00:00,52.41,52.51,52.15,52.46,1349989.0,5069.0,52.36
2025-07-11 04:00:00,52.22,52.49,52.13,52.38,772473.0,4855.0,52.38
2025-07-14 04:00:00,52.38,52.53,52.17,52.45,965083.0,5019.0,52.44
2025-07-15 04:00:00,52.84,52.86,52.52,52.53,1361078.0,5701.0,52.68
2025-07-16 04:00:00,52.64,52.76,52.26,52.71,1551449.0,9294.0,52.6
2025-07-17 04:00:00,52.75,53.03,52.69,52.98,1053745.0,5072.0,52.93
2025-07-18 04:00:00,53.12,53.12,52.83,52.95,1171027.0,5513.0,52.92
2025-07-21 04:00:00,52.99,53.35,52.99,53.16,1636435.0,5533.0,53.29
2025-07-22 04:00:00,53.19,53.19,52.69,52.9,935289.0,6088.0,52.91
2025-07-23 04:00:00,53.06,53.32,52.87,53.31,1387180.0,6372.0,53.13
2025-07-24 04:00:00,53.46,53.59,53.3,53.45,926581.0,5956.0,53.48
2025-07-25 04:00:00,53.53,53.75,53.49,53.65,557805.0,3985.0,53.65
2025-07-28 04:00:00,53.74,53.85,53.66,53.82,924935.0,4777.0,53.77
2025-07-29 04:00:00,53.98,54.01,53.59,53.63,1043952.0,5753.0,53.76
2025-07-30 04:00:00,53.71,53.87,53.39,53.69,1269066.0,7277.0,53.65
2025-07-31 04:00:00,54.63,54.63,53.61,53.72,2386924.0,10756.0,54.01
2025-08-01 04:00:00,53.16,53.2,52.45,52.65,1561959.0,12853.0,52.78
2025-08-04 04:00:00,53.02,53.5,53.02,53.48,1566045.0,5483.0,53.38
2025-08-05 04:00:00,53.59,53.68,53.18,53.24,1233672.0,6651.0,53.36
2025-08-06 04:00:00,53.32,53.95,53.29,53.9,1008405.0,6030.0,53.73
2025-08-07 04:00:00,54.18,54.31,53.54,53.87,2108400.0,8970.0,53.84
2025-08-08 04:00:00,54.02,54.51,53.98,54.45,2419844.0,6942.0,54.39
2025-08-11 04:00:00,54.43,54.66,54.21,54.34,1295950.0,5988.0,54.42
2025-08-12 04:00:00,54.55,54.9,54.31,54.89,2204023.0,7440.0,54.64
2025-08-13 04:00:00,55.09,55.18,54.74,54.86,2313077.0,9696.0,54.99
2025-08-14 04:00:00,54.77,55.12,54.75,55.03,1900975.0,7318.0,54.95
2025-08-15 04:00:00,55.21,55.21,54.85,54.96,2563559.0,9854.0,55.01
2025-08-18 04:00:00,54.91,54.98,54.76,54.94,1249905.0,7182.0,54.87
2025-08-19 04:00:00,54.91,54.91,54.18,54.29,1329711.0,9333.0,54.42
2025-08-20 04:00:00,54.2,54.24,53.47,54.03,1715339.0,17271.0,53.84
2025-08-21 04:00:00,53.89,54.09,53.67,53.83,2183315.0,11733.0,53.88
2025-08-22 04:00:00,53.97,54.72,53.89,54.64,1225452.0,9980.0,54.5
2025-08-25 04:00:00,54.57,54.82,54.44,54.55,1036000.0,7211.0,54.67
2025-08-26 04:00:00,54.54,54.84,54.39,54.83,918081.0,6602.0,54.65
2025-08-27 04:00:00,54.78,55.01,54.68,54.95,947582.0,6649.0,54.9
2025-08-28 04:00:00,54.98,55.29,54.78,55.19,1181667.0,8380.0,55.13
2025-08-29 04:00:00,55.04,55.06,54.57,54.75,1110800.0,9198.0,54.72
2025-09-02 04:00:00,54.0,54.36,53.77,54.35,1332378.0,11479.0,54.11
2025-09-03 04:00:00,54.75,54.96,54.59,54.9,1240656.0,8607.0,54.76
2025-09-04 04:00:00,54.96,55.4,54.9,55.37,1117569.0,8187.0,55.17
2025-09-05 04:00:00,55.69,55.75,54.86,55.18,1782405.0,12997.0,55.17
2025-09-08 04:00:00,55.4,55.6,55.32,55.38,1439196.0,8046.0,55.43
2025-09-09 04:00:00,55.48,55.69,55.34,55.66,1366266.0,6393.0,55.55
2025-09-10 04:00:00,56.2,56.23,55.83,55.99,1194856.0,7078.0,56.06
2025-09-11 04:00:00,56.22,56.3,55.96,56.24,1016651.0,6115.0,56.22
2025-09-12 04:00:00,56.29,56.57,56.19,56.47,958778.0,5261.0,56.47
2025-09-15 04:00:00,56.7,56.97,56.7,56.97,1664266.0,9616.0,56.85
2025-09-16 04:00:00,57.07,57.09,56.91,56.96,6492836.0,14411.0,57.0
2025-09-17 04:00:00,56.93,56.96,56.34,56.81,3567679.0,18259.0,56.71
2025-09-18 04:00:00,57.06,57.2,56.81,56.95,2848229.0,13871.0,57.03
2025-09-19 04:00:00,57.21,57.48,57.09,57.43,1794708.0,8892.0,57.26
2025-09-22 04:00:00,57.34,57.84,57.34,57.8,1346287.0,6934.0,57.7
2025-09-23 04:00:00,57.75,57.8,57.13,57.27,1618610.0,9634.0,57.36
2025-09-24 04:00:00,57.45,57.46,56.85,57.06,3129112.0,11564.0,57.04
2025-09-25 04:00:00,56.79,57.03,56.5,56.86,2365095.0,14731.0,56.8
2025-09-26 04:00:00,56.98,57.12,56.65,57.06,1264207.0,7289.0,56.96
2025-09-29 04:00:00,57.25,57.42,57.0,57.18,2840187.0,12457.0,57.21
2025-09-30 04:00:00,57.14,57.47,56.93,57.43,3547302.0,15413.0,57.25
2025-10-01 04:00:00,57.13,57.75,57.09,57.65,1759866.0,12899.0,57.51
2025-10-02 04:00:00,57.89,57.94,57.49,57.66,1456545.0,12640.0,57.65
2025-10-03 04:00:00,57.75,57.85,57.38,57.54,1814874.0,7865.0,57.65
2025-10-06 04:00:00,57.72,57.93,57.53,57.88,1525975.0,7827.0,57.78
2025-10-07 04:00:00,57.93,58.0,57.55,57.69,2157546.0,11518.0,57.7
2025-10-08 04:00:00,57.83,58.11,57.79,58.11,1118954.0,5834.0,58.03
2025-10-09 04:00:00,58.18,58.2,57.88,58.13,1621375.0,7781.0,58.04
2025-10-10 04:00:00,58.21,58.38,56.38,56.41,4542015.0,26277.0,57.26
2025-10-13 04:00:00,57.22,57.55,57.05,57.44,2157400.0,11968.0,57.36
2025-10-14 04:00:00,56.88,57.44,56.33,57.05,2505295.0,15544.0,57.05
2025-10-15 04:00:00,57.54,57.83,56.84,57.41,1838087.0,11447.0,57.43
2025-10-16 04:00:00,57.59,57.85,56.78,57.13,3926703.0,22179.0,57.28
2025-10-17 04:00:00,56.95,57.6,56.81,57.46,2903801.0,19729.0,57.19
2025-10-20 04:00:00,57.68,58.19,57.68,58.1,1279907.0,6883.0,58.07
2025-10-21 04:00:00,58.12,58.15,57.9,57.97,1096999.0,7485.0,58.04
2025-10-22 04:00:00,58.02,58.07,57.17,57.65,3258150.0,14825.0,57.55
2025-10-23 04:00:00,57.69,58.08,57.58,57.98,2027222.0,8106.0,57.92
2025-10-24 04:00:00,58.36,58.71,58.3,58.59,1335011.0,7459.0,58.57
2025-10-27 04:00:00,59.19,59.54,59.12,59.51,1126316.0,7467.0,59.34
2025-10-28 04:00:00,59.85,60.24,59.65,60.06,1815572.0,9042.0,59.97
2025-10-29 04:00:00,60.4,60.53,59.91,60.42,3129457.0,18190.0,60.25
2025-10-30 04:00:00,60.07,60.1,59.58,59.58,2689814.0,16556.0,59.81
2025-10-31 04:00:00,60.37,60.37,59.6,59.8,2060179.0,13320.0,59.9
2025-11-03 05:00:00,60.28,60.34,59.92,60.03,1985024.0,13309.0,60.09
2025-11-04 05:00:00,59.32,59.7,59.13,59.2,1992007.0,13365.0,59.35
2025-11-05 05:00:00,59.19,59.69,59.01,59.31,2104699.0,13869.0,59.47
2025-11-06 05:00:00,59.21,59.27,58.38,58.52,2154282.0,15501.0,58.69
2025-11-07 05:00:00,58.25,58.35,57.46,58.35,3444982.0,20710.0,57.94
2025-11-10 05:00:00,59.07,59.63,58.99,59.56,2214266.0,11607.0,59.35
2025-11-11 05:00:00,59.38,59.69,59.18,59.63,1713719.0,8879.0,59.46
2025-11-12 05:00:00,59.89,59.89,59.24,59.59,1533738.0,9645.0,59.5
2025-11-13 05:00:00,59.3,59.3,58.31,58.49,3034760.0,17386.0,58.63
2025-11-14 05:00:00,57.74,58.85,57.55,58.55,4957603.0,23826.0,58.44
2025-11-17 05:00:00,58.25,58.8,57.78,58.13,6092102.0,19330.0,58.25
2025-11-18 05:00:00,57.73,57.97,56.99,57.44,16810663.0,47757.0,57.6
2025-11-19 05:00:00,57.5,58.28,57.39,57.78,7355571.0,27578.0,57.71
2025-11-20 05:00:00,58.83,59.17,56.84,56.9,15905875.0,53433.0,57.66
2025-11-21 05:00:00,57.12,57.86,56.54,57.25,9774044.0,45639.0,57.16
2025-11-24 05:00:00,57.69,58.54,57.67,58.43,4057627.0,17769.0,58.27
2025-11-25 05:00:00,58.36,58.93,57.83,58.82,4652025.0,20007.0,58.4
2025-11-26 05:00:00,59.17,59.39,58.89,59.2,2471504.0,9680.0,59.22
2025-11-28 05:00:00,59.28,59.49,59.22,59.49,1048326.0,5147.0,59.34
2025-12-01 05:00:00,59.07,59.46,59.0,59.3,2385310.0,10709.0,59.27
2025-12-02 05:00:00,59.43,59.71,59.19,59.4,2568120.0,12898.0,59.44
2025-12-03 05:00:00,59.22,59.58,59.05,59.42,2068282.0,10839.0,59.39
2025-12-04 05:00:00,59.7,59.7,59.17,59.49,1963462.0,10074.0,59.38
2025-12-05 05:00:00,59.64,59.87,59.49,59.64,2574736.0,10238.0,59.62
2025-12-08 05:00:00,59.69,59.8,59.29,59.52,1678623.0,9266.0,59.48
2025-12-09 05:00:00,59.47,59.65,59.37,59.49,1354108.0,7508.0,59.51
2025-12-10 05:00:00,59.38,59.75,59.21,59.65,4003176.0,18226.0,59.52
2025-12-11 05:00:00,59.31,59.62,58.89,59.58,3537008.0,19635.0,59.29
2025-12-12 05:00:00,59.38,59.51,58.6,58.91,4164628.0,26168.0,58.94
2025-12-15 05:00:00,59.22,59.26,58.54,58.68,2295637.0,18382.0,58.77
2025-12-16 05:00:00,58.48,58.81,58.24,58.66,3407662.0,23184.0,58.52
2025-12-17 05:00:00,58.78,58.78,57.84,57.84,3780606.0,25474.0,58.15
2025-12-18 05:00:00,58.4,58.75,58.17,58.4,2777694.0,19083.0,58.46
2025-12-19 05:00:00,58.71,59.06,58.67,59.05,2568601.0,12328.0,58.94
